seed_name	seed_chembl_id	homolog_chembl_id	similarity
Tiagabine	CHEMBL1027	CHEMBL556829	100
Tiagabine	CHEMBL1027	CHEMBL540529	100
Tiagabine	CHEMBL1027	CHEMBL1695	100
Tiagabine	CHEMBL1027	CHEMBL253336	100
Tiagabine	CHEMBL1027	CHEMBL1190260	100
Tiagabine	CHEMBL1027	CHEMBL1192412	87.999999523162841796875
Tiagabine	CHEMBL1027	CHEMBL543642	87.999999523162841796875
Tiagabine	CHEMBL1027	CHEMBL544259	86.5384638309478759765625
Tiagabine	CHEMBL1027	CHEMBL1192937	86.5384638309478759765625
Tiagabine	CHEMBL1027	CHEMBL1191067	84.905660152435302734375
Tiagabine	CHEMBL1027	CHEMBL542110	84.905660152435302734375
Tiagabine	CHEMBL1027	CHEMBL1190620	83.3333313465118408203125
Tiagabine	CHEMBL1027	CHEMBL1191069	83.3333313465118408203125
Tiagabine	CHEMBL1027	CHEMBL542112	83.3333313465118408203125
Tiagabine	CHEMBL1027	CHEMBL540276	83.3333313465118408203125
Tiagabine	CHEMBL1027	CHEMBL1190145	83.3333313465118408203125
Tiagabine	CHEMBL1027	CHEMBL1189554	83.3333313465118408203125
Tiagabine	CHEMBL1027	CHEMBL5222684	83.3333313465118408203125
Tiagabine	CHEMBL1027	CHEMBL5221143	83.3333313465118408203125
Tiagabine	CHEMBL1027	CHEMBL538998	83.3333313465118408203125
Tiagabine	CHEMBL1027	CHEMBL541287	83.3333313465118408203125
Tiagabine	CHEMBL1027	CHEMBL5170782	83.3333313465118408203125
Tiagabine	CHEMBL1027	CHEMBL5204409	83.3333313465118408203125
Tiagabine	CHEMBL1027	CHEMBL542114	80.3571403026580810546875
Tiagabine	CHEMBL1027	CHEMBL1191071	80.3571403026580810546875
Tiagabine	CHEMBL1027	CHEMBL1165447	79.1666686534881591796875
Tiagabine	CHEMBL1027	CHEMBL1199964	79.1666686534881591796875
Tiagabine	CHEMBL1027	CHEMBL3403605	76.9230782985687255859375
Tiagabine	CHEMBL1027	CHEMBL3403610	76.9230782985687255859375
Tiagabine	CHEMBL1027	CHEMBL536501	75.99999904632568359375
Tiagabine	CHEMBL1027	CHEMBL1188472	75.99999904632568359375
Tiagabine	CHEMBL1027	CHEMBL1188259	74.54545497894287109375
Tiagabine	CHEMBL1027	CHEMBL535829	74.54545497894287109375
Tiagabine	CHEMBL1027	CHEMBL3403607	74.0740716457366943359375
Tiagabine	CHEMBL1027	CHEMBL3403608	72.72727489471435546875
Tiagabine	CHEMBL1027	CHEMBL3403604	72.72727489471435546875
Tiagabine	CHEMBL1027	CHEMBL554210	72.72727489471435546875
Tiagabine	CHEMBL1027	CHEMBL1195284	72.72727489471435546875
Tiagabine	CHEMBL1027	CHEMBL3403609	71.428573131561279296875
Tiagabine	CHEMBL1027	CHEMBL1189503	70.68965435028076171875
Tiagabine	CHEMBL1027	CHEMBL538830	70.68965435028076171875
Tiagabine	CHEMBL1027	CHEMBL3403611	68.965518474578857421875
Tiagabine	CHEMBL1027	CHEMBL536277	67.796611785888671875
Tiagabine	CHEMBL1027	CHEMBL556819	67.796611785888671875
Tiagabine	CHEMBL1027	CHEMBL1188390	67.796611785888671875
Tiagabine	CHEMBL1027	CHEMBL1196406	67.796611785888671875
Tiagabine	CHEMBL1027	CHEMBL3403606	67.796611785888671875
Tiagabine	CHEMBL1027	CHEMBL3403586	67.2727286815643310546875
Tiagabine	CHEMBL1027	CHEMBL1187934	66.6666686534881591796875
Tiagabine	CHEMBL1027	CHEMBL555999	66.6666686534881591796875
Tiagabine	CHEMBL1027	CHEMBL540792	66.6666686534881591796875
Tiagabine	CHEMBL1027	CHEMBL604056	66.6666686534881591796875
Tiagabine	CHEMBL1027	CHEMBL1190387	66.6666686534881591796875
Tiagabine	CHEMBL1027	CHEMBL1642394	66.6666686534881591796875
Tiagabine	CHEMBL1027	CHEMBL534481	66.6666686534881591796875
Tiagabine	CHEMBL1027	CHEMBL1196138	66.6666686534881591796875
Tiagabine	CHEMBL1027	CHEMBL1198528	64.516127109527587890625
Tiagabine	CHEMBL1027	CHEMBL543880	64.516127109527587890625
Tiagabine	CHEMBL1027	CHEMBL1194807	63.7931048870086669921875
Tiagabine	CHEMBL1027	CHEMBL553325	63.7931048870086669921875
Tiagabine	CHEMBL1027	CHEMBL536101	63.7931048870086669921875
Tiagabine	CHEMBL1027	CHEMBL1188352	63.7931048870086669921875
Tiagabine	CHEMBL1027	CHEMBL2387678	63.4615361690521240234375
Tiagabine	CHEMBL1027	CHEMBL543557	63.4615361690521240234375
Tiagabine	CHEMBL1027	CHEMBL38686	63.4615361690521240234375
Tiagabine	CHEMBL1027	CHEMBL77626	63.4615361690521240234375
Tiagabine	CHEMBL1027	CHEMBL160709	63.4615361690521240234375
Tiagabine	CHEMBL1027	CHEMBL1642385	63.1578922271728515625
Tiagabine	CHEMBL1027	CHEMBL1642378	63.1578922271728515625
Tiagabine	CHEMBL1027	CHEMBL1642367	63.1578922271728515625
Tiagabine	CHEMBL1027	CHEMBL3403615	62.5
Tiagabine	CHEMBL1027	CHEMBL1194936	62.5
Tiagabine	CHEMBL1027	CHEMBL553557	62.5
Tiagabine	CHEMBL1027	CHEMBL603863	61.4035069942474365234375
Tiagabine	CHEMBL1027	CHEMBL1313809	61.1111104488372802734375
Tiagabine	CHEMBL1027	CHEMBL1642391	61.0169470310211181640625
Tiagabine	CHEMBL1027	CHEMBL1189254	60.606062412261962890625
Tiagabine	CHEMBL1027	CHEMBL538322	60.606062412261962890625
Tiagabine	CHEMBL1027	CHEMBL3398501	60.344827175140380859375
Tiagabine	CHEMBL1027	CHEMBL3398500	60.344827175140380859375
Tiagabine	CHEMBL1027	CHEMBL1642386	60.000002384185791015625
Tiagabine	CHEMBL1027	CHEMBL1641613	60.000002384185791015625
Tiagabine	CHEMBL1027	CHEMBL3546665	58.3333313465118408203125
Tiagabine	CHEMBL1027	CHEMBL3546515	58.3333313465118408203125
Tiagabine	CHEMBL1027	CHEMBL3398507	58.3333313465118408203125
Tiagabine	CHEMBL1027	CHEMBL3398506	58.3333313465118408203125
Tiagabine	CHEMBL1027	CHEMBL1642393	58.0645143985748291015625
Tiagabine	CHEMBL1027	CHEMBL1165842	57.8947365283966064453125
Tiagabine	CHEMBL1027	CHEMBL1642388	57.8947365283966064453125
Tiagabine	CHEMBL1027	CHEMBL1642392	57.1428596973419189453125
Tiagabine	CHEMBL1027	CHEMBL1642384	57.1428596973419189453125
Tiagabine	CHEMBL1027	CHEMBL1642373	57.1428596973419189453125
Tiagabine	CHEMBL1027	CHEMBL1191370	56.92307949066162109375
Tiagabine	CHEMBL1027	CHEMBL543400	56.92307949066162109375
Tiagabine	CHEMBL1027	CHEMBL1190537	56.92307949066162109375
Tiagabine	CHEMBL1027	CHEMBL1190171	56.92307949066162109375
Tiagabine	CHEMBL1027	CHEMBL540308	56.92307949066162109375
Tiagabine	CHEMBL1027	CHEMBL542458	56.92307949066162109375
Tiagabine	CHEMBL1027	CHEMBL541073	56.92307949066162109375
Tiagabine	CHEMBL1027	CHEMBL1192202	56.92307949066162109375
Tiagabine	CHEMBL1027	CHEMBL1192330	56.8965494632720947265625
Tiagabine	CHEMBL1027	CHEMBL543550	56.8965494632720947265625
Tiagabine	CHEMBL1027	CHEMBL1642368	56.6666662693023681640625
Tiagabine	CHEMBL1027	CHEMBL1642379	56.6666662693023681640625
Tiagabine	CHEMBL1027	CHEMBL537861	55.9322059154510498046875
Tiagabine	CHEMBL1027	CHEMBL1188978	55.9322059154510498046875
Tiagabine	CHEMBL1027	CHEMBL1642375	55.9322059154510498046875
Tiagabine	CHEMBL1027	CHEMBL1642364	55.9322059154510498046875
Tiagabine	CHEMBL1027	CHEMBL1198444	55.9322059154510498046875
Tiagabine	CHEMBL1027	CHEMBL1198044	55.9322059154510498046875
Tiagabine	CHEMBL1027	CHEMBL593735	55.9322059154510498046875
Tiagabine	CHEMBL1027	CHEMBL604341	55.9322059154510498046875
Tiagabine	CHEMBL1027	CHEMBL1642400	55.3846180438995361328125
Tiagabine	CHEMBL1027	CHEMBL1189819	55.3571403026580810546875
Tiagabine	CHEMBL1027	CHEMBL539539	55.3571403026580810546875
Tiagabine	CHEMBL1027	CHEMBL348499	55.3571403026580810546875
Tiagabine	CHEMBL1027	CHEMBL1642365	55.0000011920928955078125
Tiagabine	CHEMBL1027	CHEMBL1642372	55.0000011920928955078125
Tiagabine	CHEMBL1027	CHEMBL1642374	55.0000011920928955078125
Tiagabine	CHEMBL1027	CHEMBL1642363	55.0000011920928955078125
Tiagabine	CHEMBL1027	CHEMBL1642376	55.0000011920928955078125
Tiagabine	CHEMBL1027	CHEMBL3403590	55.0000011920928955078125
Tiagabine	CHEMBL1027	CHEMBL1642383	55.0000011920928955078125
Tiagabine	CHEMBL1027	CHEMBL1642370	54.8387110233306884765625
Tiagabine	CHEMBL1027	CHEMBL1642381	54.8387110233306884765625
Tiagabine	CHEMBL1027	CHEMBL555770	54.3859660625457763671875
Tiagabine	CHEMBL1027	CHEMBL1196010	54.3859660625457763671875
Tiagabine	CHEMBL1027	CHEMBL1642380	54.0983617305755615234375
Tiagabine	CHEMBL1027	CHEMBL1642369	54.0983617305755615234375
Tiagabine	CHEMBL1027	CHEMBL1642387	53.9682567119598388671875
Tiagabine	CHEMBL1027	CHEMBL1642395	53.9682567119598388671875
Tiagabine	CHEMBL1027	CHEMBL545049	53.623187541961669921875
Tiagabine	CHEMBL1027	CHEMBL1193613	53.623187541961669921875
Tiagabine	CHEMBL1027	CHEMBL1191179	53.4482777118682861328125
Tiagabine	CHEMBL1027	CHEMBL542241	53.4482777118682861328125
Tiagabine	CHEMBL1027	CHEMBL160565	53.3333361148834228515625
Tiagabine	CHEMBL1027	CHEMBL540623	53.2258093357086181640625
Tiagabine	CHEMBL1027	CHEMBL554661	53.2258093357086181640625
Tiagabine	CHEMBL1027	CHEMBL1190337	53.2258093357086181640625
Tiagabine	CHEMBL1027	CHEMBL1642396	53.2258093357086181640625
Tiagabine	CHEMBL1027	CHEMBL1195488	53.2258093357086181640625
Tiagabine	CHEMBL1027	CHEMBL1642389	53.2258093357086181640625
Tiagabine	CHEMBL1027	CHEMBL543167	52.8571426868438720703125
Tiagabine	CHEMBL1027	CHEMBL543404	52.8571426868438720703125
Tiagabine	CHEMBL1027	CHEMBL1191992	52.8571426868438720703125
Tiagabine	CHEMBL1027	CHEMBL1192206	52.8571426868438720703125
Tiagabine	CHEMBL1027	CHEMBL593039	52.459013462066650390625
Tiagabine	CHEMBL1027	CHEMBL604258	52.459013462066650390625
Tiagabine	CHEMBL1027	CHEMBL1188893	52.380955219268798828125
Tiagabine	CHEMBL1027	CHEMBL1642377	52.380955219268798828125
Tiagabine	CHEMBL1027	CHEMBL1642397	52.380955219268798828125
Tiagabine	CHEMBL1027	CHEMBL537641	52.380955219268798828125
Tiagabine	CHEMBL1027	CHEMBL1642366	52.380955219268798828125
Tiagabine	CHEMBL1027	CHEMBL1642399	52.3076951503753662109375
Tiagabine	CHEMBL1027	CHEMBL1642401	52.173912525177001953125
Tiagabine	CHEMBL1027	CHEMBL1548718	51.66666507720947265625
Tiagabine	CHEMBL1027	CHEMBL2326022	51.66666507720947265625
Tiagabine	CHEMBL1027	CHEMBL2326030	51.66666507720947265625
Tiagabine	CHEMBL1027	CHEMBL3403554	51.66666507720947265625
Tiagabine	CHEMBL1027	CHEMBL3403559	51.66666507720947265625
Tiagabine	CHEMBL1027	CHEMBL596061	51.6129016876220703125
Tiagabine	CHEMBL1027	CHEMBL1198109	51.6129016876220703125
Tiagabine	CHEMBL1027	CHEMBL1198425	51.6129016876220703125
Tiagabine	CHEMBL1027	CHEMBL603646	51.6129016876220703125
Tiagabine	CHEMBL1027	CHEMBL4565302	51.47058963775634765625
Tiagabine	CHEMBL1027	CHEMBL544963	50.8771955966949462890625
Tiagabine	CHEMBL1027	CHEMBL69064	50.8771955966949462890625
Tiagabine	CHEMBL1027	CHEMBL1193538	50.8771955966949462890625
Tiagabine	CHEMBL1027	CHEMBL4524646	50.819671154022216796875
Tiagabine	CHEMBL1027	CHEMBL1196883	50.7936537265777587890625
Tiagabine	CHEMBL1027	CHEMBL1189463	50.7936537265777587890625
Tiagabine	CHEMBL1027	CHEMBL538782	50.7936537265777587890625
Tiagabine	CHEMBL1027	CHEMBL1733905	50.7936537265777587890625
Tiagabine	CHEMBL1027	CHEMBL558563	50.7936537265777587890625
Tiagabine	CHEMBL1027	CHEMBL1642390	50.76923370361328125
Tiagabine	CHEMBL1027	CHEMBL1642371	50
Tiagabine	CHEMBL1027	CHEMBL1195219	50
Tiagabine	CHEMBL1027	CHEMBL545775	50
Tiagabine	CHEMBL1027	CHEMBL554050	50
Tiagabine	CHEMBL1027	CHEMBL553630	50
Tiagabine	CHEMBL1027	CHEMBL1540239	50
Tiagabine	CHEMBL1027	CHEMBL1642382	50
Tiagabine	CHEMBL1027	CHEMBL1194241	50
Tiagabine	CHEMBL1027	CHEMBL1194981	50
Tiagabine	CHEMBL1027	CHEMBL4561385	50
Tiagabine	CHEMBL1027	CHEMBL1556430	50
Tiagabine	CHEMBL1027	CHEMBL1405421	50
Tiagabine	CHEMBL1027	CHEMBL1502121	49.20634925365447998046875
Tiagabine	CHEMBL1027	CHEMBL542615	48.52941036224365234375
Tiagabine	CHEMBL1027	CHEMBL1191508	48.52941036224365234375
Tiagabine	CHEMBL1027	CHEMBL1642398	48.52941036224365234375
Tiagabine	CHEMBL1027	CHEMBL1191918	48.4848499298095703125
Tiagabine	CHEMBL1027	CHEMBL1191811	48.4848499298095703125
Tiagabine	CHEMBL1027	CHEMBL1193340	48.4848499298095703125
Tiagabine	CHEMBL1027	CHEMBL543081	48.4848499298095703125
Tiagabine	CHEMBL1027	CHEMBL544729	48.4848499298095703125
Tiagabine	CHEMBL1027	CHEMBL542960	48.4848499298095703125
Tiagabine	CHEMBL1027	CHEMBL1441106	48.4375
Tiagabine	CHEMBL1027	CHEMBL1428022	48.4375
Tiagabine	CHEMBL1027	CHEMBL1883298	48.4375
Tiagabine	CHEMBL1027	CHEMBL160260	48.2142865657806396484375
Tiagabine	CHEMBL1027	CHEMBL1386781	47.826087474822998046875
Tiagabine	CHEMBL1027	CHEMBL555997	47.76119291782379150390625
Tiagabine	CHEMBL1027	CHEMBL1196136	47.76119291782379150390625
Tiagabine	CHEMBL1027	CHEMBL1391706	47.69230782985687255859375
Tiagabine	CHEMBL1027	CHEMBL1193811	47.69230782985687255859375
Tiagabine	CHEMBL1027	CHEMBL545279	47.69230782985687255859375
Tiagabine	CHEMBL1027	CHEMBL544586	47.69230782985687255859375
Tiagabine	CHEMBL1027	CHEMBL1193218	47.69230782985687255859375
Tiagabine	CHEMBL1027	CHEMBL1478738	47.54098355770111083984375
Tiagabine	CHEMBL1027	CHEMBL1194879	47.54098355770111083984375
Tiagabine	CHEMBL1027	CHEMBL1191816	47.54098355770111083984375
Tiagabine	CHEMBL1027	CHEMBL542965	47.54098355770111083984375
Tiagabine	CHEMBL1027	CHEMBL553494	47.54098355770111083984375
Tiagabine	CHEMBL1027	CHEMBL303402	47.54098355770111083984375
Tiagabine	CHEMBL1027	CHEMBL554627	47.05882370471954345703125
Tiagabine	CHEMBL1027	CHEMBL1195460	47.05882370471954345703125
Tiagabine	CHEMBL1027	CHEMBL557432	46.96969687938690185546875
Tiagabine	CHEMBL1027	CHEMBL1196576	46.96969687938690185546875
Tiagabine	CHEMBL1027	CHEMBL1334855	46.96969687938690185546875
Tiagabine	CHEMBL1027	CHEMBL1550927	46.96969687938690185546875
Tiagabine	CHEMBL1027	CHEMBL1877127	46.96969687938690185546875
Tiagabine	CHEMBL1027	CHEMBL2326025	46.875
Tiagabine	CHEMBL1027	CHEMBL4522599	46.875
Tiagabine	CHEMBL1027	CHEMBL1165661	46.77419364452362060546875
Tiagabine	CHEMBL1027	CHEMBL4163014	46.77419364452362060546875
Tiagabine	CHEMBL1027	CHEMBL539347	46.66666686534881591796875
Tiagabine	CHEMBL1027	CHEMBL1189745	46.66666686534881591796875
Tiagabine	CHEMBL1027	CHEMBL1189922	46.66666686534881591796875
Tiagabine	CHEMBL1027	CHEMBL539775	46.66666686534881591796875
Tiagabine	CHEMBL1027	CHEMBL1192634	46.55172526836395263671875
Tiagabine	CHEMBL1027	CHEMBL543908	46.55172526836395263671875
Tiagabine	CHEMBL1027	CHEMBL1164716	46.29629552364349365234375
Tiagabine	CHEMBL1027	CHEMBL1199768	46.29629552364349365234375
Tiagabine	CHEMBL1027	CHEMBL1736660	46.26865684986114501953125
Tiagabine	CHEMBL1027	CHEMBL1731384	46.26865684986114501953125
Tiagabine	CHEMBL1027	CHEMBL1606822	46.26865684986114501953125
Tiagabine	CHEMBL1027	CHEMBL1534096	46.26865684986114501953125
Tiagabine	CHEMBL1027	CHEMBL1194013	46.26865684986114501953125
Tiagabine	CHEMBL1027	CHEMBL545511	46.26865684986114501953125
Tiagabine	CHEMBL1027	CHEMBL54863	46.15384638309478759765625
Tiagabine	CHEMBL1027	CHEMBL1202161	46.15384638309478759765625
Tiagabine	CHEMBL1027	CHEMBL1196447	46.15384638309478759765625
Tiagabine	CHEMBL1027	CHEMBL556993	46.15384638309478759765625
Tiagabine	CHEMBL1027	CHEMBL544850	46.03174626827239990234375
Tiagabine	CHEMBL1027	CHEMBL1193444	46.03174626827239990234375
Tiagabine	CHEMBL1027	CHEMBL2326024	46.03174626827239990234375
Tiagabine	CHEMBL1027	CHEMBL4172266	46.03174626827239990234375
Tiagabine	CHEMBL1027	CHEMBL4174484	46.03174626827239990234375
Tiagabine	CHEMBL1027	CHEMBL4443795	45.9016382694244384765625
Tiagabine	CHEMBL1027	CHEMBL544612	45.9016382694244384765625
Tiagabine	CHEMBL1027	CHEMBL1544937	45.9016382694244384765625
Tiagabine	CHEMBL1027	CHEMBL1193239	45.9016382694244384765625
Tiagabine	CHEMBL1027	CHEMBL541863	45.9016382694244384765625
Tiagabine	CHEMBL1027	CHEMBL1190925	45.9016382694244384765625
Tiagabine	CHEMBL1027	CHEMBL541861	45.7627117633819580078125
Tiagabine	CHEMBL1027	CHEMBL1190924	45.7627117633819580078125
Tiagabine	CHEMBL1027	CHEMBL537862	45.71428596973419189453125
Tiagabine	CHEMBL1027	CHEMBL1188979	45.71428596973419189453125
Tiagabine	CHEMBL1027	CHEMBL554208	45.71428596973419189453125
Tiagabine	CHEMBL1027	CHEMBL1195283	45.71428596973419189453125
Tiagabine	CHEMBL1027	CHEMBL3403593	45.6140339374542236328125
Tiagabine	CHEMBL1027	CHEMBL349533	45.6140339374542236328125
Tiagabine	CHEMBL1027	CHEMBL3403596	45.6140339374542236328125
Tiagabine	CHEMBL1027	CHEMBL4454080	45.58823406696319580078125
Tiagabine	CHEMBL1027	CHEMBL1602598	45.58823406696319580078125
Tiagabine	CHEMBL1027	CHEMBL1587169	45.58823406696319580078125
Tiagabine	CHEMBL1027	CHEMBL1564176	45.58823406696319580078125
Tiagabine	CHEMBL1027	CHEMBL1525666	45.58823406696319580078125
Tiagabine	CHEMBL1027	CHEMBL1379563	45.58823406696319580078125
Tiagabine	CHEMBL1027	CHEMBL1331141	45.58823406696319580078125
Tiagabine	CHEMBL1027	CHEMBL557028	45.3125
Tiagabine	CHEMBL1027	CHEMBL1191994	45.3125
Tiagabine	CHEMBL1027	CHEMBL1194907	45.3125
Tiagabine	CHEMBL1027	CHEMBL1195888	45.3125
Tiagabine	CHEMBL1027	CHEMBL1196464	45.3125
Tiagabine	CHEMBL1027	CHEMBL553524	45.3125
Tiagabine	CHEMBL1027	CHEMBL555540	45.3125
Tiagabine	CHEMBL1027	CHEMBL543169	45.3125
Tiagabine	CHEMBL1027	CHEMBL2326023	45.3125
Tiagabine	CHEMBL1027	CHEMBL552660	45.1612889766693115234375
Tiagabine	CHEMBL1027	CHEMBL1188496	45.1612889766693115234375
Tiagabine	CHEMBL1027	CHEMBL536532	45.1612889766693115234375
Tiagabine	CHEMBL1027	CHEMBL1194444	45.1612889766693115234375
Tiagabine	CHEMBL1027	CHEMBL542233	44.9999988079071044921875
Tiagabine	CHEMBL1027	CHEMBL1192638	44.9999988079071044921875
Tiagabine	CHEMBL1027	CHEMBL1191393	44.9999988079071044921875
Tiagabine	CHEMBL1027	CHEMBL1191173	44.9999988079071044921875
Tiagabine	CHEMBL1027	CHEMBL1190074	44.9999988079071044921875
Tiagabine	CHEMBL1027	CHEMBL540076	44.9999988079071044921875
Tiagabine	CHEMBL1027	CHEMBL542485	44.9999988079071044921875
Tiagabine	CHEMBL1027	CHEMBL543913	44.9999988079071044921875
Tiagabine	CHEMBL1027	CHEMBL1299282	44.927537441253662109375
Tiagabine	CHEMBL1027	CHEMBL1877114	44.927537441253662109375
Tiagabine	CHEMBL1027	CHEMBL4452156	44.927537441253662109375
Tiagabine	CHEMBL1027	CHEMBL545280	44.61538493633270263671875
Tiagabine	CHEMBL1027	CHEMBL553153	44.61538493633270263671875
Tiagabine	CHEMBL1027	CHEMBL1193812	44.61538493633270263671875
Tiagabine	CHEMBL1027	CHEMBL1194726	44.61538493633270263671875
Tiagabine	CHEMBL1027	CHEMBL75035	44.44444477558135986328125
Tiagabine	CHEMBL1027	CHEMBL419823	44.44444477558135986328125
Tiagabine	CHEMBL1027	CHEMBL432737	44.44444477558135986328125
Tiagabine	CHEMBL1027	CHEMBL543556	44.44444477558135986328125
Tiagabine	CHEMBL1027	CHEMBL4483811	44.44444477558135986328125
Tiagabine	CHEMBL1027	CHEMBL558578	44.44444477558135986328125
Tiagabine	CHEMBL1027	CHEMBL1192336	44.44444477558135986328125
Tiagabine	CHEMBL1027	CHEMBL1196895	44.44444477558135986328125
Tiagabine	CHEMBL1027	CHEMBL1518883	44.285714626312255859375
Tiagabine	CHEMBL1027	CHEMBL4285653	44.2622959613800048828125
Tiagabine	CHEMBL1027	CHEMBL2315942	44.1176474094390869140625
Tiagabine	CHEMBL1027	CHEMBL4483812	44.1176474094390869140625
Tiagabine	CHEMBL1027	CHEMBL1187940	44.1176474094390869140625
Tiagabine	CHEMBL1027	CHEMBL534487	44.1176474094390869140625
Tiagabine	CHEMBL1027	CHEMBL1192843	44.06779706478118896484375
Tiagabine	CHEMBL1027	CHEMBL544149	44.06779706478118896484375
Tiagabine	CHEMBL1027	CHEMBL3403577	43.9393937587738037109375
Tiagabine	CHEMBL1027	CHEMBL310236	43.9393937587738037109375
Tiagabine	CHEMBL1027	CHEMBL3400184	43.9393937587738037109375
Tiagabine	CHEMBL1027	CHEMBL543204	43.9393937587738037109375
Tiagabine	CHEMBL1027	CHEMBL4160222	43.9393937587738037109375
Tiagabine	CHEMBL1027	CHEMBL1192026	43.9393937587738037109375
Tiagabine	CHEMBL1027	CHEMBL4175284	43.9393937587738037109375
Tiagabine	CHEMBL1027	CHEMBL1191582	43.83561611175537109375
Tiagabine	CHEMBL1027	CHEMBL542699	43.83561611175537109375
Tiagabine	CHEMBL1027	CHEMBL1194017	43.75
Tiagabine	CHEMBL1027	CHEMBL1642410	43.75
Tiagabine	CHEMBL1027	CHEMBL1188827	43.75
Tiagabine	CHEMBL1027	CHEMBL537449	43.75
Tiagabine	CHEMBL1027	CHEMBL545517	43.75
Tiagabine	CHEMBL1027	CHEMBL1642411	43.75
Tiagabine	CHEMBL1027	CHEMBL307361	43.75
Tiagabine	CHEMBL1027	CHEMBL4531050	43.75
Tiagabine	CHEMBL1027	CHEMBL4978595	43.75
Tiagabine	CHEMBL1027	CHEMBL1304427	43.66197288036346435546875
Tiagabine	CHEMBL1027	CHEMBL1194218	43.66197288036346435546875
Tiagabine	CHEMBL1027	CHEMBL1381401	43.66197288036346435546875
Tiagabine	CHEMBL1027	CHEMBL545750	43.66197288036346435546875
Tiagabine	CHEMBL1027	CHEMBL1611304	43.66197288036346435546875
Tiagabine	CHEMBL1027	CHEMBL1192441	43.5483872890472412109375
Tiagabine	CHEMBL1027	CHEMBL3403570	43.5483872890472412109375
Tiagabine	CHEMBL1027	CHEMBL1191939	43.5483872890472412109375
Tiagabine	CHEMBL1027	CHEMBL3403569	43.5483872890472412109375
Tiagabine	CHEMBL1027	CHEMBL543107	43.5483872890472412109375
Tiagabine	CHEMBL1027	CHEMBL543676	43.5483872890472412109375
Tiagabine	CHEMBL1027	CHEMBL3403583	43.39622557163238525390625
Tiagabine	CHEMBL1027	CHEMBL308528	43.3333337306976318359375
Tiagabine	CHEMBL1027	CHEMBL76966	43.3333337306976318359375
Tiagabine	CHEMBL1027	CHEMBL542610	43.3333337306976318359375
Tiagabine	CHEMBL1027	CHEMBL542735	43.3333337306976318359375
Tiagabine	CHEMBL1027	CHEMBL555092	43.3333337306976318359375
Tiagabine	CHEMBL1027	CHEMBL537448	43.3333337306976318359375
Tiagabine	CHEMBL1027	CHEMBL1188826	43.3333337306976318359375
Tiagabine	CHEMBL1027	CHEMBL1191503	43.3333337306976318359375
Tiagabine	CHEMBL1027	CHEMBL1191613	43.3333337306976318359375
Tiagabine	CHEMBL1027	CHEMBL1195655	43.3333337306976318359375
Tiagabine	CHEMBL1027	CHEMBL537671	43.28358173370361328125
Tiagabine	CHEMBL1027	CHEMBL4281143	43.28358173370361328125
Tiagabine	CHEMBL1027	CHEMBL1188919	43.28358173370361328125
Tiagabine	CHEMBL1027	CHEMBL308391	43.07692348957061767578125
Tiagabine	CHEMBL1027	CHEMBL4277713	43.07692348957061767578125
Tiagabine	CHEMBL1027	CHEMBL4471099	43.07692348957061767578125
Tiagabine	CHEMBL1027	CHEMBL4573178	43.07692348957061767578125
Tiagabine	CHEMBL1027	CHEMBL2316765	43.05555522441864013671875
Tiagabine	CHEMBL1027	CHEMBL2316762	43.05555522441864013671875
Tiagabine	CHEMBL1027	CHEMBL2316761	43.05555522441864013671875
Tiagabine	CHEMBL1027	CHEMBL558617	43.05555522441864013671875
Tiagabine	CHEMBL1027	CHEMBL4277534	43.05555522441864013671875
Tiagabine	CHEMBL1027	CHEMBL4517454	43.05555522441864013671875
Tiagabine	CHEMBL1027	CHEMBL544120	43.05555522441864013671875
Tiagabine	CHEMBL1027	CHEMBL540309	43.05555522441864013671875
Tiagabine	CHEMBL1027	CHEMBL539546	43.05555522441864013671875
Tiagabine	CHEMBL1027	CHEMBL1189824	43.05555522441864013671875
Tiagabine	CHEMBL1027	CHEMBL1886418	43.05555522441864013671875
Tiagabine	CHEMBL1027	CHEMBL1196919	43.05555522441864013671875
Tiagabine	CHEMBL1027	CHEMBL1190172	43.05555522441864013671875
Tiagabine	CHEMBL1027	CHEMBL2316763	43.05555522441864013671875
Tiagabine	CHEMBL1027	CHEMBL1192817	43.05555522441864013671875
Tiagabine	CHEMBL1027	CHEMBL538530	42.85714328289031982421875
Tiagabine	CHEMBL1027	CHEMBL557612	42.85714328289031982421875
Tiagabine	CHEMBL1027	CHEMBL1189341	42.85714328289031982421875
Tiagabine	CHEMBL1027	CHEMBL4538384	42.85714328289031982421875
Tiagabine	CHEMBL1027	CHEMBL1196622	42.85714328289031982421875
Tiagabine	CHEMBL1027	CHEMBL2403781	42.85714328289031982421875
Tiagabine	CHEMBL1027	CHEMBL4127466	42.85714328289031982421875
Tiagabine	CHEMBL1027	CHEMBL4126078	42.85714328289031982421875
Tiagabine	CHEMBL1027	CHEMBL4128707	42.85714328289031982421875
Tiagabine	CHEMBL1027	CHEMBL4779064	42.85714328289031982421875
Tiagabine	CHEMBL1027	CHEMBL3403602	42.6470577716827392578125
Tiagabine	CHEMBL1027	CHEMBL1196663	42.6470577716827392578125
Tiagabine	CHEMBL1027	CHEMBL557786	42.6470577716827392578125
Tiagabine	CHEMBL1027	CHEMBL355672	42.62295067310333251953125
Tiagabine	CHEMBL1027	CHEMBL545540	42.62295067310333251953125
Tiagabine	CHEMBL1027	CHEMBL555779	42.62295067310333251953125
Tiagabine	CHEMBL1027	CHEMBL541053	42.62295067310333251953125
Tiagabine	CHEMBL1027	CHEMBL1190520	42.62295067310333251953125
Tiagabine	CHEMBL1027	CHEMBL1194039	42.62295067310333251953125
Tiagabine	CHEMBL1027	CHEMBL1196018	42.62295067310333251953125
Tiagabine	CHEMBL1027	CHEMBL4282239	42.62295067310333251953125
Tiagabine	CHEMBL1027	CHEMBL4450820	42.62295067310333251953125
Tiagabine	CHEMBL1027	CHEMBL4442712	42.59259402751922607421875
Tiagabine	CHEMBL1027	CHEMBL1587684	42.4657523632049560546875
Tiagabine	CHEMBL1027	CHEMBL1192816	42.4657523632049560546875
Tiagabine	CHEMBL1027	CHEMBL1195971	42.4657523632049560546875
Tiagabine	CHEMBL1027	CHEMBL555656	42.4657523632049560546875
Tiagabine	CHEMBL1027	CHEMBL544119	42.4657523632049560546875
Tiagabine	CHEMBL1027	CHEMBL4288852	42.4657523632049560546875
Tiagabine	CHEMBL1027	CHEMBL4289242	42.4657523632049560546875
Tiagabine	CHEMBL1027	CHEMBL78166	42.4242436885833740234375
Tiagabine	CHEMBL1027	CHEMBL77111	42.4242436885833740234375
Tiagabine	CHEMBL1027	CHEMBL536533	42.4242436885833740234375
Tiagabine	CHEMBL1027	CHEMBL536534	42.4242436885833740234375
Tiagabine	CHEMBL1027	CHEMBL1188498	42.4242436885833740234375
Tiagabine	CHEMBL1027	CHEMBL1706533	42.4242436885833740234375
Tiagabine	CHEMBL1027	CHEMBL2315636	42.4242436885833740234375
Tiagabine	CHEMBL1027	CHEMBL4129397	42.4242436885833740234375
Tiagabine	CHEMBL1027	CHEMBL4160576	42.4242436885833740234375
Tiagabine	CHEMBL1027	CHEMBL4160922	42.4242436885833740234375
Tiagabine	CHEMBL1027	CHEMBL1188497	42.4242436885833740234375
Tiagabine	CHEMBL1027	CHEMBL2315623	42.25352108478546142578125
Tiagabine	CHEMBL1027	CHEMBL4552807	42.25352108478546142578125
Tiagabine	CHEMBL1027	CHEMBL1193839	42.1875
Tiagabine	CHEMBL1027	CHEMBL545309	42.1875
Tiagabine	CHEMBL1027	CHEMBL541139	42.02898442745208740234375
Tiagabine	CHEMBL1027	CHEMBL1188573	42.02898442745208740234375
Tiagabine	CHEMBL1027	CHEMBL559211	42.02898442745208740234375
Tiagabine	CHEMBL1027	CHEMBL536762	42.02898442745208740234375
Tiagabine	CHEMBL1027	CHEMBL1191152	42.02898442745208740234375
Tiagabine	CHEMBL1027	CHEMBL4782298	42.02898442745208740234375
Tiagabine	CHEMBL1027	CHEMBL542209	42.02898442745208740234375
Tiagabine	CHEMBL1027	CHEMBL4456246	42.02898442745208740234375
Tiagabine	CHEMBL1027	CHEMBL1197072	42.02898442745208740234375
Tiagabine	CHEMBL1027	CHEMBL1190588	42.02898442745208740234375
Tiagabine	CHEMBL1027	CHEMBL1191532	41.93548262119293212890625
Tiagabine	CHEMBL1027	CHEMBL1190759	41.93548262119293212890625
Tiagabine	CHEMBL1027	CHEMBL66822	41.93548262119293212890625
Tiagabine	CHEMBL1027	CHEMBL1192615	41.93548262119293212890625
Tiagabine	CHEMBL1027	CHEMBL1189388	41.93548262119293212890625
Tiagabine	CHEMBL1027	CHEMBL422277	41.93548262119293212890625
Tiagabine	CHEMBL1027	CHEMBL542642	41.93548262119293212890625
Tiagabine	CHEMBL1027	CHEMBL538596	41.93548262119293212890625
Tiagabine	CHEMBL1027	CHEMBL538839	41.93548262119293212890625
Tiagabine	CHEMBL1027	CHEMBL543882	41.93548262119293212890625
Tiagabine	CHEMBL1027	CHEMBL4126090	41.93548262119293212890625
Tiagabine	CHEMBL1027	CHEMBL541556	41.93548262119293212890625
Tiagabine	CHEMBL1027	CHEMBL132437	41.93548262119293212890625
Tiagabine	CHEMBL1027	CHEMBL1189510	41.93548262119293212890625
Tiagabine	CHEMBL1027	CHEMBL1390331	41.8918907642364501953125
Tiagabine	CHEMBL1027	CHEMBL4531763	41.8918907642364501953125
Tiagabine	CHEMBL1027	CHEMBL4555282	41.8918907642364501953125
Tiagabine	CHEMBL1027	CHEMBL538770	41.791045665740966796875
Tiagabine	CHEMBL1027	CHEMBL543883	41.791045665740966796875
Tiagabine	CHEMBL1027	CHEMBL1189451	41.791045665740966796875
Tiagabine	CHEMBL1027	CHEMBL545514	41.791045665740966796875
Tiagabine	CHEMBL1027	CHEMBL540051	41.791045665740966796875
Tiagabine	CHEMBL1027	CHEMBL1190419	41.791045665740966796875
Tiagabine	CHEMBL1027	CHEMBL540827	41.791045665740966796875
Tiagabine	CHEMBL1027	CHEMBL1190054	41.791045665740966796875
Tiagabine	CHEMBL1027	CHEMBL1192616	41.791045665740966796875
Tiagabine	CHEMBL1027	CHEMBL1194015	41.791045665740966796875
Tiagabine	CHEMBL1027	CHEMBL4448655	41.791045665740966796875
Tiagabine	CHEMBL1027	CHEMBL4280537	41.66666567325592041015625
Tiagabine	CHEMBL1027	CHEMBL4449256	41.53846204280853271484375
Tiagabine	CHEMBL1027	CHEMBL4470896	41.53846204280853271484375
Tiagabine	CHEMBL1027	CHEMBL4292838	41.53846204280853271484375
Tiagabine	CHEMBL1027	CHEMBL4292658	41.53846204280853271484375
Tiagabine	CHEMBL1027	CHEMBL1642405	41.53846204280853271484375
Tiagabine	CHEMBL1027	CHEMBL540541	41.53846204280853271484375
Tiagabine	CHEMBL1027	CHEMBL1190271	41.53846204280853271484375
Tiagabine	CHEMBL1027	CHEMBL335266	41.4285719394683837890625
Tiagabine	CHEMBL1027	CHEMBL1191993	41.4285719394683837890625
Tiagabine	CHEMBL1027	CHEMBL553629	41.4285719394683837890625
Tiagabine	CHEMBL1027	CHEMBL4280948	41.4285719394683837890625
Tiagabine	CHEMBL1027	CHEMBL1194980	41.4285719394683837890625
Tiagabine	CHEMBL1027	CHEMBL543168	41.4285719394683837890625
Tiagabine	CHEMBL1027	CHEMBL4572030	41.4285719394683837890625
Tiagabine	CHEMBL1027	CHEMBL5178760	41.4285719394683837890625
Tiagabine	CHEMBL1027	CHEMBL5207397	41.4285719394683837890625
Tiagabine	CHEMBL1027	CHEMBL1517828	41.33333265781402587890625
Tiagabine	CHEMBL1027	CHEMBL543672	41.26984179019927978515625
Tiagabine	CHEMBL1027	CHEMBL77423	41.26984179019927978515625
Tiagabine	CHEMBL1027	CHEMBL2110053	41.26984179019927978515625
Tiagabine	CHEMBL1027	CHEMBL2093906	41.26984179019927978515625
Tiagabine	CHEMBL1027	CHEMBL1197060	41.26984179019927978515625
Tiagabine	CHEMBL1027	CHEMBL1192437	41.26984179019927978515625
Tiagabine	CHEMBL1027	CHEMBL559193	41.26984179019927978515625
Tiagabine	CHEMBL1027	CHEMBL72499	41.17647111415863037109375
Tiagabine	CHEMBL1027	CHEMBL4443469	41.17647111415863037109375
Tiagabine	CHEMBL1027	CHEMBL4440010	41.17647111415863037109375
Tiagabine	CHEMBL1027	CHEMBL2315635	41.17647111415863037109375
Tiagabine	CHEMBL1027	CHEMBL269439	41.17647111415863037109375
Tiagabine	CHEMBL1027	CHEMBL2315944	41.09589159488677978515625
Tiagabine	CHEMBL1027	CHEMBL4292451	40.98360538482666015625
Tiagabine	CHEMBL1027	CHEMBL6017821	40.98360538482666015625
Tiagabine	CHEMBL1027	CHEMBL158111	40.98360538482666015625
Tiagabine	CHEMBL1027	CHEMBL540029	40.90909063816070556640625
Tiagabine	CHEMBL1027	CHEMBL1190033	40.90909063816070556640625
Tiagabine	CHEMBL1027	CHEMBL1360209	40.90909063816070556640625
Tiagabine	CHEMBL1027	CHEMBL4594086	40.90909063816070556640625
Tiagabine	CHEMBL1027	CHEMBL4278588	40.90909063816070556640625
Tiagabine	CHEMBL1027	CHEMBL4125948	40.90909063816070556640625
Tiagabine	CHEMBL1027	CHEMBL1901931	40.90909063816070556640625
Tiagabine	CHEMBL1027	CHEMBL2315943	40.84506928920745849609375
Tiagabine	CHEMBL1027	CHEMBL1506975	40.789473056793212890625
Tiagabine	CHEMBL1027	CHEMBL4438825	40.789473056793212890625
Tiagabine	CHEMBL1027	CHEMBL1194435	40.677964687347412109375
Tiagabine	CHEMBL1027	CHEMBL552644	40.677964687347412109375
Tiagabine	CHEMBL1027	CHEMBL1318449	40.677964687347412109375
Tiagabine	CHEMBL1027	CHEMBL2219687	40.677964687347412109375
Tiagabine	CHEMBL1027	CHEMBL2001134	40.677964687347412109375
Tiagabine	CHEMBL1027	CHEMBL2003331	40.625
Tiagabine	CHEMBL1027	CHEMBL1523978	40.625
Tiagabine	CHEMBL1027	CHEMBL1190417	40.625
Tiagabine	CHEMBL1027	CHEMBL540825	40.625
Tiagabine	CHEMBL1027	CHEMBL71789	40.625
Tiagabine	CHEMBL1027	CHEMBL1192614	40.57970941066741943359375
Tiagabine	CHEMBL1027	CHEMBL543881	40.57970941066741943359375
Tiagabine	CHEMBL1027	CHEMBL4160224	40.57970941066741943359375
Tiagabine	CHEMBL1027	CHEMBL4162184	40.57970941066741943359375
Tiagabine	CHEMBL1027	CHEMBL4126231	40.540540218353271484375
Tiagabine	CHEMBL1027	CHEMBL1543888	40.32258093357086181640625
Tiagabine	CHEMBL1027	CHEMBL1642408	40.32258093357086181640625
Tiagabine	CHEMBL1027	CHEMBL1642409	40.32258093357086181640625
Tiagabine	CHEMBL1027	CHEMBL4127325	40.32258093357086181640625
Tiagabine	CHEMBL1027	CHEMBL4473852	40.29850661754608154296875
Tiagabine	CHEMBL1027	CHEMBL3187446	40.29850661754608154296875
Tiagabine	CHEMBL1027	CHEMBL1195413	40.29850661754608154296875
Tiagabine	CHEMBL1027	CHEMBL554464	40.29850661754608154296875
Tiagabine	CHEMBL1027	CHEMBL346714	40.29850661754608154296875
Tiagabine	CHEMBL1027	CHEMBL1203661	40.29850661754608154296875
Tiagabine	CHEMBL1027	CHEMBL4860085	40.277779102325439453125
Tiagabine	CHEMBL1027	CHEMBL555857	40.00000059604644775390625
Tiagabine	CHEMBL1027	CHEMBL538502	40.00000059604644775390625
Tiagabine	CHEMBL1027	CHEMBL1189315	40.00000059604644775390625
Tiagabine	CHEMBL1027	CHEMBL1196076	40.00000059604644775390625
Tiagabine	CHEMBL1027	CHEMBL1497917	40.00000059604644775390625
Tiagabine	CHEMBL1027	CHEMBL4170661	40.00000059604644775390625
Tiagabine	CHEMBL1027	CHEMBL5170008	40.00000059604644775390625
Tiagabine	CHEMBL1027	CHEMBL4522165	40.00000059604644775390625
Cinromide	CHEMBL93233	CHEMBL107280	64.2857134342193603515625
Cinromide	CHEMBL93233	CHEMBL1871183	63.636362552642822265625
Cinromide	CHEMBL93233	CHEMBL1373736	62.2222244739532470703125
Cinromide	CHEMBL93233	CHEMBL73088	62.1621608734130859375
Cinromide	CHEMBL93233	CHEMBL1088987	61.1111104488372802734375
Cinromide	CHEMBL93233	CHEMBL1500650	60.869562625885009765625
Cinromide	CHEMBL93233	CHEMBL305202	60.000002384185791015625
Cinromide	CHEMBL93233	CHEMBL3677219	57.1428596973419189453125
Cinromide	CHEMBL93233	CHEMBL2238018	56.4102590084075927734375
Cinromide	CHEMBL93233	CHEMBL3612818	56.4102590084075927734375
Cinromide	CHEMBL93233	CHEMBL1163466	56.4102590084075927734375
Cinromide	CHEMBL93233	CHEMBL4160428	56.0000002384185791015625
Cinromide	CHEMBL93233	CHEMBL231304	53.6585390567779541015625
Cinromide	CHEMBL93233	CHEMBL4455932	53.6585390567779541015625
Cinromide	CHEMBL93233	CHEMBL4295082	53.48837375640869140625
Cinromide	CHEMBL93233	CHEMBL458122	53.48837375640869140625
Cinromide	CHEMBL93233	CHEMBL1830132	53.48837375640869140625
Cinromide	CHEMBL93233	CHEMBL1830142	53.3333361148834228515625
Cinromide	CHEMBL93233	CHEMBL4794555	53.3333361148834228515625
Cinromide	CHEMBL93233	CHEMBL1796399	53.1914889812469482421875
Cinromide	CHEMBL93233	CHEMBL1704534	53.1914889812469482421875
Cinromide	CHEMBL93233	CHEMBL2392031	52.380955219268798828125
Cinromide	CHEMBL93233	CHEMBL532267	52.380955219268798828125
Cinromide	CHEMBL93233	CHEMBL527963	52.380955219268798828125
Cinromide	CHEMBL93233	CHEMBL4640894	52.0833313465118408203125
Cinromide	CHEMBL93233	CHEMBL1509110	52.0833313465118408203125
Cinromide	CHEMBL93233	CHEMBL1516637	52.0833313465118408203125
Cinromide	CHEMBL93233	CHEMBL1926927	51.9230782985687255859375
Cinromide	CHEMBL93233	CHEMBL2285916	51.2195110321044921875
Cinromide	CHEMBL93233	CHEMBL4589117	51.16279125213623046875
Cinromide	CHEMBL93233	CHEMBL4450699	51.16279125213623046875
Cinromide	CHEMBL93233	CHEMBL5091770	51.111114025115966796875
Cinromide	CHEMBL93233	CHEMBL1353443	51.111114025115966796875
Cinromide	CHEMBL93233	CHEMBL1767228	51.111114025115966796875
Cinromide	CHEMBL93233	CHEMBL4463227	51.0638296604156494140625
Cinromide	CHEMBL93233	CHEMBL1544369	50.9803950786590576171875
Cinromide	CHEMBL93233	CHEMBL1576430	50.9090900421142578125
Cinromide	CHEMBL93233	CHEMBL492739	50
Cinromide	CHEMBL93233	CHEMBL2420783	50
Cinromide	CHEMBL93233	CHEMBL2235192	50
Cinromide	CHEMBL93233	CHEMBL235102	50
Cinromide	CHEMBL93233	CHEMBL1968514	50
Cinromide	CHEMBL93233	CHEMBL1545778	50
Cinromide	CHEMBL93233	CHEMBL4846784	50
Cinromide	CHEMBL93233	CHEMBL2030834	50
Cinromide	CHEMBL93233	CHEMBL1718130	50
Cinromide	CHEMBL93233	CHEMBL4864766	49.12280738353729248046875
Cinromide	CHEMBL93233	CHEMBL2402477	49.01960790157318115234375
Cinromide	CHEMBL93233	CHEMBL1796391	49.01960790157318115234375
Cinromide	CHEMBL93233	CHEMBL1830146	48.97959232330322265625
Cinromide	CHEMBL93233	CHEMBL2030835	48.9361703395843505859375
Cinromide	CHEMBL93233	CHEMBL2235571	48.9361703395843505859375
Cinromide	CHEMBL93233	CHEMBL1164631	48.9361703395843505859375
Cinromide	CHEMBL93233	CHEMBL4166310	48.88888895511627197265625
Cinromide	CHEMBL93233	CHEMBL4061752	48.88888895511627197265625
Cinromide	CHEMBL93233	CHEMBL2007523	48.88888895511627197265625
Cinromide	CHEMBL93233	CHEMBL561945	48.88888895511627197265625
Cinromide	CHEMBL93233	CHEMBL549720	48.88888895511627197265625
Cinromide	CHEMBL93233	CHEMBL4799061	48.83720874786376953125
Cinromide	CHEMBL93233	CHEMBL229068	48.83720874786376953125
Cinromide	CHEMBL93233	CHEMBL2285676	48.83720874786376953125
Cinromide	CHEMBL93233	CHEMBL1885853	48.71794879436492919921875
Cinromide	CHEMBL93233	CHEMBL1760351	48.71794879436492919921875
Cinromide	CHEMBL93233	CHEMBL4777188	48.2142865657806396484375
Cinromide	CHEMBL93233	CHEMBL1552604	48.1481492519378662109375
Cinromide	CHEMBL93233	CHEMBL321856	47.99999892711639404296875
Cinromide	CHEMBL93233	CHEMBL3422836	47.99999892711639404296875
Cinromide	CHEMBL93233	CHEMBL38776	47.91666567325592041015625
Cinromide	CHEMBL93233	CHEMBL4534747	47.91666567325592041015625
Cinromide	CHEMBL93233	CHEMBL5085039	47.91666567325592041015625
Cinromide	CHEMBL93233	CHEMBL5089018	47.91666567325592041015625
Cinromide	CHEMBL93233	CHEMBL3741288	47.91666567325592041015625
Cinromide	CHEMBL93233	CHEMBL1830144	47.826087474822998046875
Cinromide	CHEMBL93233	CHEMBL1403621	47.826087474822998046875
Cinromide	CHEMBL93233	CHEMBL1596572	47.826087474822998046875
Cinromide	CHEMBL93233	CHEMBL1760358	47.826087474822998046875
Cinromide	CHEMBL93233	CHEMBL1945178	47.826087474822998046875
Cinromide	CHEMBL93233	CHEMBL2336363	47.826087474822998046875
Cinromide	CHEMBL93233	CHEMBL546920	47.72727191448211669921875
Cinromide	CHEMBL93233	CHEMBL4561175	47.72727191448211669921875
Cinromide	CHEMBL93233	CHEMBL2285920	47.72727191448211669921875
Cinromide	CHEMBL93233	CHEMBL5182728	47.61904776096343994140625
Cinromide	CHEMBL93233	CHEMBL5184759	47.61904776096343994140625
Cinromide	CHEMBL93233	CHEMBL3741114	47.61904776096343994140625
Cinromide	CHEMBL93233	CHEMBL1445559	47.36842215061187744140625
Cinromide	CHEMBL93233	CHEMBL1428130	47.27272689342498779296875
Cinromide	CHEMBL93233	CHEMBL4471874	47.1698105335235595703125
Cinromide	CHEMBL93233	CHEMBL3260239	47.1698105335235595703125
Cinromide	CHEMBL93233	CHEMBL2143838	47.1698105335235595703125
Cinromide	CHEMBL93233	CHEMBL1433806	47.05882370471954345703125
Cinromide	CHEMBL93233	CHEMBL4783705	46.93877696990966796875
Cinromide	CHEMBL93233	CHEMBL3818408	46.93877696990966796875
Cinromide	CHEMBL93233	CHEMBL4092945	46.8085110187530517578125
Cinromide	CHEMBL93233	CHEMBL1682060	46.8085110187530517578125
Cinromide	CHEMBL93233	CHEMBL1562401	46.8085110187530517578125
Cinromide	CHEMBL93233	CHEMBL2285921	46.66666686534881591796875
Cinromide	CHEMBL93233	CHEMBL2283258	46.66666686534881591796875
Cinromide	CHEMBL93233	CHEMBL2285922	46.66666686534881591796875
Cinromide	CHEMBL93233	CHEMBL2285923	46.66666686534881591796875
Cinromide	CHEMBL93233	CHEMBL2285924	46.66666686534881591796875
Cinromide	CHEMBL93233	CHEMBL3740893	46.66666686534881591796875
Cinromide	CHEMBL93233	CHEMBL4084201	46.66666686534881591796875
Cinromide	CHEMBL93233	CHEMBL4778300	46.66666686534881591796875
Cinromide	CHEMBL93233	CHEMBL4060412	46.51162922382354736328125
Cinromide	CHEMBL93233	CHEMBL3597022	46.51162922382354736328125
Cinromide	CHEMBL93233	CHEMBL3334631	46.51162922382354736328125
Cinromide	CHEMBL93233	CHEMBL2285918	46.51162922382354736328125
Cinromide	CHEMBL93233	CHEMBL569833	46.51162922382354736328125
Cinromide	CHEMBL93233	CHEMBL1400313	46.34146392345428466796875
Cinromide	CHEMBL93233	CHEMBL456606	46.34146392345428466796875
Cinromide	CHEMBL93233	CHEMBL4060164	46.29629552364349365234375
Cinromide	CHEMBL93233	CHEMBL1796401	46.15384638309478759765625
Cinromide	CHEMBL93233	CHEMBL1926916	46.15384638309478759765625
Cinromide	CHEMBL93233	CHEMBL3290167	46.15384638309478759765625
Cinromide	CHEMBL93233	CHEMBL3115543	46.15384638309478759765625
Cinromide	CHEMBL93233	CHEMBL364970	46.15384638309478759765625
Cinromide	CHEMBL93233	CHEMBL1575580	46.00000083446502685546875
Cinromide	CHEMBL93233	CHEMBL1311330	46.00000083446502685546875
Cinromide	CHEMBL93233	CHEMBL1302600	46.00000083446502685546875
Cinromide	CHEMBL93233	CHEMBL1736767	46.00000083446502685546875
Cinromide	CHEMBL93233	CHEMBL371250	46.00000083446502685546875
Cinromide	CHEMBL93233	CHEMBL3199186	46.00000083446502685546875
Cinromide	CHEMBL93233	CHEMBL3093689	46.00000083446502685546875
Cinromide	CHEMBL93233	CHEMBL420853	45.83333432674407958984375
Cinromide	CHEMBL93233	CHEMBL4785885	45.83333432674407958984375
Cinromide	CHEMBL93233	CHEMBL3747350	45.83333432674407958984375
Cinromide	CHEMBL93233	CHEMBL2336364	45.83333432674407958984375
Cinromide	CHEMBL93233	CHEMBL1432746	45.65217494964599609375
Cinromide	CHEMBL93233	CHEMBL443110	45.65217494964599609375
Cinromide	CHEMBL93233	CHEMBL5490311	45.65217494964599609375
Cinromide	CHEMBL93233	CHEMBL1349258	45.65217494964599609375
Cinromide	CHEMBL93233	CHEMBL1431721	45.6140339374542236328125
Cinromide	CHEMBL93233	CHEMBL1733844	45.45454680919647216796875
Cinromide	CHEMBL93233	CHEMBL1331721	45.45454680919647216796875
Cinromide	CHEMBL93233	CHEMBL4779841	45.45454680919647216796875
Cinromide	CHEMBL93233	CHEMBL2356970	45.45454680919647216796875
Cinromide	CHEMBL93233	CHEMBL3739942	45.45454680919647216796875
Cinromide	CHEMBL93233	CHEMBL2088208	45.45454680919647216796875
Cinromide	CHEMBL93233	CHEMBL5408972	45.3125
Cinromide	CHEMBL93233	CHEMBL61443	45.3125
Cinromide	CHEMBL93233	CHEMBL4853397	45.3125
Cinromide	CHEMBL93233	CHEMBL1729562	45.283019542694091796875
Cinromide	CHEMBL93233	CHEMBL3934770	45.2380955219268798828125
Cinromide	CHEMBL93233	CHEMBL2336352	45.2380955219268798828125
Cinromide	CHEMBL93233	CHEMBL102358	45.2380955219268798828125
Cinromide	CHEMBL93233	CHEMBL1557294	45.09803950786590576171875
Cinromide	CHEMBL93233	CHEMBL2236960	45.09803950786590576171875
Cinromide	CHEMBL93233	CHEMBL3214221	45.09803950786590576171875
Cinromide	CHEMBL93233	CHEMBL4280214	45.09803950786590576171875
Cinromide	CHEMBL93233	CHEMBL5986569	45.09803950786590576171875
Cinromide	CHEMBL93233	CHEMBL591849	45.09803950786590576171875
Cinromide	CHEMBL93233	CHEMBL1950388	44.89795863628387451171875
Cinromide	CHEMBL93233	CHEMBL1950362	44.89795863628387451171875
Cinromide	CHEMBL93233	CHEMBL1348851	44.89795863628387451171875
Cinromide	CHEMBL93233	CHEMBL5493220	44.8275864124298095703125
Cinromide	CHEMBL93233	CHEMBL4596737	44.8275864124298095703125
Cinromide	CHEMBL93233	CHEMBL4581937	44.8275864124298095703125
Cinromide	CHEMBL93233	CHEMBL154574	44.73684132099151611328125
Cinromide	CHEMBL93233	CHEMBL5399725	44.73684132099151611328125
Cinromide	CHEMBL93233	CHEMBL152346	44.73684132099151611328125
Cinromide	CHEMBL93233	CHEMBL4102174	44.6808516979217529296875
Cinromide	CHEMBL93233	CHEMBL1830136	44.6808516979217529296875
Cinromide	CHEMBL93233	CHEMBL1991817	44.44444477558135986328125
Cinromide	CHEMBL93233	CHEMBL569326	44.44444477558135986328125
Cinromide	CHEMBL93233	CHEMBL2088897	44.44444477558135986328125
Cinromide	CHEMBL93233	CHEMBL1395017	44.44444477558135986328125
Cinromide	CHEMBL93233	CHEMBL1703743	44.44444477558135986328125
Cinromide	CHEMBL93233	CHEMBL3394288	44.44444477558135986328125
Cinromide	CHEMBL93233	CHEMBL570753	44.23076808452606201171875
Cinromide	CHEMBL93233	CHEMBL198919	44.18604671955108642578125
Cinromide	CHEMBL93233	CHEMBL359160	44.18604671955108642578125
Cinromide	CHEMBL93233	CHEMBL4204471	44.18604671955108642578125
Cinromide	CHEMBL93233	CHEMBL1341223	44.18604671955108642578125
Cinromide	CHEMBL93233	CHEMBL1830148	43.9999997615814208984375
Cinromide	CHEMBL93233	CHEMBL3207681	43.9999997615814208984375
Cinromide	CHEMBL93233	CHEMBL3212297	43.9999997615814208984375
Cinromide	CHEMBL93233	CHEMBL4095416	43.9999997615814208984375
Cinromide	CHEMBL93233	CHEMBL4785049	43.9999997615814208984375
Cinromide	CHEMBL93233	CHEMBL1499184	43.9999997615814208984375
Cinromide	CHEMBL93233	CHEMBL1499057	43.9999997615814208984375
Cinromide	CHEMBL93233	CHEMBL5411698	43.9393937587738037109375
Cinromide	CHEMBL93233	CHEMBL4070630	43.9024388790130615234375
Cinromide	CHEMBL93233	CHEMBL3612618	43.9024388790130615234375
Cinromide	CHEMBL93233	CHEMBL3358798	43.9024388790130615234375
Cinromide	CHEMBL93233	CHEMBL5844377	43.85964870452880859375
Cinromide	CHEMBL93233	CHEMBL1406832	43.85964870452880859375
Cinromide	CHEMBL93233	CHEMBL4461105	43.75
Cinromide	CHEMBL93233	CHEMBL4162671	43.75
Cinromide	CHEMBL93233	CHEMBL4084977	43.75
Cinromide	CHEMBL93233	CHEMBL2289702	43.75
Cinromide	CHEMBL93233	CHEMBL2285925	43.75
Cinromide	CHEMBL93233	CHEMBL1452132	43.75
Cinromide	CHEMBL93233	CHEMBL1950387	43.75
Cinromide	CHEMBL93233	CHEMBL1556590	43.6363637447357177734375
Cinromide	CHEMBL93233	CHEMBL3903350	43.6363637447357177734375
Cinromide	CHEMBL93233	CHEMBL555906	43.47825944423675537109375
Cinromide	CHEMBL93233	CHEMBL107915	43.47825944423675537109375
Cinromide	CHEMBL93233	CHEMBL4066346	43.47825944423675537109375
Cinromide	CHEMBL93233	CHEMBL4576508	43.47825944423675537109375
Cinromide	CHEMBL93233	CHEMBL1096388	43.39622557163238525390625
Cinromide	CHEMBL93233	CHEMBL1366974	43.39622557163238525390625
Cinromide	CHEMBL93233	CHEMBL1712038	43.39622557163238525390625
Cinromide	CHEMBL93233	CHEMBL1796396	43.39622557163238525390625
Cinromide	CHEMBL93233	CHEMBL2261204	43.39622557163238525390625
Cinromide	CHEMBL93233	CHEMBL4287142	43.39622557163238525390625
Cinromide	CHEMBL93233	CHEMBL4437540	43.39622557163238525390625
Cinromide	CHEMBL93233	CHEMBL1568619	43.24324429035186767578125
Cinromide	CHEMBL93233	CHEMBL2238334	43.1818187236785888671875
Cinromide	CHEMBL93233	CHEMBL474518	43.1818187236785888671875
Cinromide	CHEMBL93233	CHEMBL1305393	43.1818187236785888671875
Cinromide	CHEMBL93233	CHEMBL3781616	43.1818187236785888671875
Cinromide	CHEMBL93233	CHEMBL4207823	43.1818187236785888671875
Cinromide	CHEMBL93233	CHEMBL5170616	43.1818187236785888671875
Cinromide	CHEMBL93233	CHEMBL5906387	43.1818187236785888671875
Cinromide	CHEMBL93233	CHEMBL1521231	43.13725531101226806640625
Cinromide	CHEMBL93233	CHEMBL1584848	43.13725531101226806640625
Cinromide	CHEMBL93233	CHEMBL1599951	43.13725531101226806640625
Cinromide	CHEMBL93233	CHEMBL3207645	43.13725531101226806640625
Cinromide	CHEMBL93233	CHEMBL3183437	43.13725531101226806640625
Cinromide	CHEMBL93233	CHEMBL2269122	43.13725531101226806640625
Cinromide	CHEMBL93233	CHEMBL1950389	43.13725531101226806640625
Cinromide	CHEMBL93233	CHEMBL3290418	42.85714328289031982421875
Cinromide	CHEMBL93233	CHEMBL3906522	42.85714328289031982421875
Cinromide	CHEMBL93233	CHEMBL6036463	42.85714328289031982421875
Cinromide	CHEMBL93233	CHEMBL4086693	42.85714328289031982421875
Cinromide	CHEMBL93233	CHEMBL4563258	42.85714328289031982421875
Cinromide	CHEMBL93233	CHEMBL1760354	42.85714328289031982421875
Cinromide	CHEMBL93233	CHEMBL4065252	42.85714328289031982421875
Cinromide	CHEMBL93233	CHEMBL4064217	42.85714328289031982421875
Cinromide	CHEMBL93233	CHEMBL1391277	42.85714328289031982421875
Cinromide	CHEMBL93233	CHEMBL1215096	42.85714328289031982421875
Cinromide	CHEMBL93233	CHEMBL497284	42.85714328289031982421875
Cinromide	CHEMBL93233	CHEMBL445406	42.85714328289031982421875
Cinromide	CHEMBL93233	CHEMBL2234983	42.85714328289031982421875
Cinromide	CHEMBL93233	CHEMBL1723100	42.62295067310333251953125
Cinromide	CHEMBL93233	CHEMBL1736518	42.59259402751922607421875
Cinromide	CHEMBL93233	CHEMBL1725330	42.59259402751922607421875
Cinromide	CHEMBL93233	CHEMBL1491650	42.59259402751922607421875
Cinromide	CHEMBL93233	CHEMBL210608	42.59259402751922607421875
Cinromide	CHEMBL93233	CHEMBL370812	42.59259402751922607421875
Cinromide	CHEMBL93233	CHEMBL71135	42.5531923770904541015625
Cinromide	CHEMBL93233	CHEMBL5423037	42.5531923770904541015625
Cinromide	CHEMBL93233	CHEMBL1825207	42.5531923770904541015625
Cinromide	CHEMBL93233	CHEMBL4788383	42.5531923770904541015625
Cinromide	CHEMBL93233	CHEMBL4781927	42.5531923770904541015625
Cinromide	CHEMBL93233	CHEMBL4284618	42.5531923770904541015625
Cinromide	CHEMBL93233	CHEMBL1797870	42.5000011920928955078125
Cinromide	CHEMBL93233	CHEMBL2003869	42.372882366180419921875
Cinromide	CHEMBL93233	CHEMBL3908444	42.372882366180419921875
Cinromide	CHEMBL93233	CHEMBL1088757	42.3076927661895751953125
Cinromide	CHEMBL93233	CHEMBL1542911	42.3076927661895751953125
Cinromide	CHEMBL93233	CHEMBL4786837	42.3076927661895751953125
Cinromide	CHEMBL93233	CHEMBL197015	42.22222268581390380859375
Cinromide	CHEMBL93233	CHEMBL5405813	42.22222268581390380859375
Cinromide	CHEMBL93233	CHEMBL4954488	42.22222268581390380859375
Cinromide	CHEMBL93233	CHEMBL197478	42.22222268581390380859375
Cinromide	CHEMBL93233	CHEMBL4464225	42.22222268581390380859375
Cinromide	CHEMBL93233	CHEMBL2336366	42.22222268581390380859375
Cinromide	CHEMBL93233	CHEMBL2285919	42.22222268581390380859375
Cinromide	CHEMBL93233	CHEMBL2285899	42.22222268581390380859375
Cinromide	CHEMBL93233	CHEMBL1358841	42.22222268581390380859375
Cinromide	CHEMBL93233	CHEMBL482385	41.99999868869781494140625
Cinromide	CHEMBL93233	CHEMBL1796386	41.99999868869781494140625
Cinromide	CHEMBL93233	CHEMBL3589987	41.99999868869781494140625
Cinromide	CHEMBL93233	CHEMBL3589990	41.99999868869781494140625
Cinromide	CHEMBL93233	CHEMBL4242873	41.99999868869781494140625
Cinromide	CHEMBL93233	CHEMBL4442537	41.99999868869781494140625
Cinromide	CHEMBL93233	CHEMBL4446439	41.99999868869781494140625
Cinromide	CHEMBL93233	CHEMBL5205229	41.99999868869781494140625
Cinromide	CHEMBL93233	CHEMBL3423295	41.99999868869781494140625
Cinromide	CHEMBL93233	CHEMBL3221928	41.86046421527862548828125
Cinromide	CHEMBL93233	CHEMBL151178	41.86046421527862548828125
Cinromide	CHEMBL93233	CHEMBL1448930	41.86046421527862548828125
Cinromide	CHEMBL93233	CHEMBL400374	41.81818068027496337890625
Cinromide	CHEMBL93233	CHEMBL5819163	41.81818068027496337890625
Cinromide	CHEMBL93233	CHEMBL4535032	41.81818068027496337890625
Cinromide	CHEMBL93233	CHEMBL531255	41.791045665740966796875
Cinromide	CHEMBL93233	CHEMBL1275945	41.66666567325592041015625
Cinromide	CHEMBL93233	CHEMBL1098049	41.66666567325592041015625
Cinromide	CHEMBL93233	CHEMBL1090444	41.66666567325592041015625
Cinromide	CHEMBL93233	CHEMBL67291	41.66666567325592041015625
Cinromide	CHEMBL93233	CHEMBL4793458	41.66666567325592041015625
Cinromide	CHEMBL93233	CHEMBL4563690	41.66666567325592041015625
Cinromide	CHEMBL93233	CHEMBL68808	41.66666567325592041015625
Cinromide	CHEMBL93233	CHEMBL2003092	41.66666567325592041015625
Cinromide	CHEMBL93233	CHEMBL2336785	41.66666567325592041015625
Cinromide	CHEMBL93233	CHEMBL2140262	41.66666567325592041015625
Cinromide	CHEMBL93233	CHEMBL2289703	41.66666567325592041015625
Cinromide	CHEMBL93233	CHEMBL453755	41.66666567325592041015625
Cinromide	CHEMBL93233	CHEMBL1557412	41.66666567325592041015625
Cinromide	CHEMBL93233	CHEMBL1527271	41.66666567325592041015625
Cinromide	CHEMBL93233	CHEMBL594304	41.66666567325592041015625
Cinromide	CHEMBL93233	CHEMBL1447707	41.66666567325592041015625
Cinromide	CHEMBL93233	CHEMBL4757942	41.66666567325592041015625
Cinromide	CHEMBL93233	CHEMBL4632987	41.50943458080291748046875
Cinromide	CHEMBL93233	CHEMBL4099070	41.37931168079376220703125
Cinromide	CHEMBL93233	CHEMBL4534517	41.37931168079376220703125
Cinromide	CHEMBL93233	CHEMBL4206430	41.30434691905975341796875
Cinromide	CHEMBL93233	CHEMBL4176355	41.30434691905975341796875
Cinromide	CHEMBL93233	CHEMBL4171860	41.30434691905975341796875
Cinromide	CHEMBL93233	CHEMBL2336779	41.30434691905975341796875
Cinromide	CHEMBL93233	CHEMBL3742138	41.30434691905975341796875
Cinromide	CHEMBL93233	CHEMBL2336362	41.30434691905975341796875
Cinromide	CHEMBL93233	CHEMBL1975690	41.30434691905975341796875
Cinromide	CHEMBL93233	CHEMBL474519	41.30434691905975341796875
Cinromide	CHEMBL93233	CHEMBL197177	41.30434691905975341796875
Cinromide	CHEMBL93233	CHEMBL371282	41.30434691905975341796875
Cinromide	CHEMBL93233	CHEMBL1464150	41.30434691905975341796875
Cinromide	CHEMBL93233	CHEMBL488451	41.30434691905975341796875
Cinromide	CHEMBL93233	CHEMBL243178	41.30434691905975341796875
Cinromide	CHEMBL93233	CHEMBL1708474	41.26984179019927978515625
Cinromide	CHEMBL93233	CHEMBL4076658	41.17647111415863037109375
Cinromide	CHEMBL93233	CHEMBL3924676	41.17647111415863037109375
Cinromide	CHEMBL93233	CHEMBL3459497	41.17647111415863037109375
Cinromide	CHEMBL93233	CHEMBL3451774	41.17647111415863037109375
Cinromide	CHEMBL93233	CHEMBL3208521	41.17647111415863037109375
Cinromide	CHEMBL93233	CHEMBL1822877	41.17647111415863037109375
Cinromide	CHEMBL93233	CHEMBL1382954	41.17647111415863037109375
Cinromide	CHEMBL93233	CHEMBL1487403	41.17647111415863037109375
Cinromide	CHEMBL93233	CHEMBL6059964	41.07142984867095947265625
Cinromide	CHEMBL93233	CHEMBL5797166	41.07142984867095947265625
Cinromide	CHEMBL93233	CHEMBL5267760	41.07142984867095947265625
Cinromide	CHEMBL93233	CHEMBL4866849	41.07142984867095947265625
Cinromide	CHEMBL93233	CHEMBL4646305	41.07142984867095947265625
Cinromide	CHEMBL93233	CHEMBL4580895	41.07142984867095947265625
Cinromide	CHEMBL93233	CHEMBL1452466	41.07142984867095947265625
Cinromide	CHEMBL93233	CHEMBL80415	41.07142984867095947265625
Cinromide	CHEMBL93233	CHEMBL5271897	41.02564156055450439453125
Cinromide	CHEMBL93233	CHEMBL2251475	40.98360538482666015625
Cinromide	CHEMBL93233	CHEMBL1563261	40.98360538482666015625
Cinromide	CHEMBL93233	CHEMBL607816	40.98360538482666015625
Cinromide	CHEMBL93233	CHEMBL155443	40.90909063816070556640625
Cinromide	CHEMBL93233	CHEMBL269648	40.90909063816070556640625
Cinromide	CHEMBL93233	CHEMBL1597432	40.81632792949676513671875
Cinromide	CHEMBL93233	CHEMBL1098051	40.81632792949676513671875
Cinromide	CHEMBL93233	CHEMBL1098050	40.81632792949676513671875
Cinromide	CHEMBL93233	CHEMBL1094080	40.81632792949676513671875
Cinromide	CHEMBL93233	CHEMBL253897	40.81632792949676513671875
Cinromide	CHEMBL93233	CHEMBL67698	40.81632792949676513671875
Cinromide	CHEMBL93233	CHEMBL2235573	40.81632792949676513671875
Cinromide	CHEMBL93233	CHEMBL2251551	40.81632792949676513671875
Cinromide	CHEMBL93233	CHEMBL1830140	40.81632792949676513671875
Cinromide	CHEMBL93233	CHEMBL46784	40.81632792949676513671875
Cinromide	CHEMBL93233	CHEMBL2336783	40.81632792949676513671875
Cinromide	CHEMBL93233	CHEMBL2336784	40.81632792949676513671875
Cinromide	CHEMBL93233	CHEMBL2381524	40.81632792949676513671875
Cinromide	CHEMBL93233	CHEMBL3740898	40.81632792949676513671875
Cinromide	CHEMBL93233	CHEMBL5187221	40.81632792949676513671875
Cinromide	CHEMBL93233	CHEMBL1825204	40.81632792949676513671875
Cinromide	CHEMBL93233	CHEMBL1460790	40.740740299224853515625
Cinromide	CHEMBL93233	CHEMBL348254	40.740740299224853515625
Cinromide	CHEMBL93233	CHEMBL4851751	40.740740299224853515625
Cinromide	CHEMBL93233	CHEMBL4294114	40.740740299224853515625
Cinromide	CHEMBL93233	CHEMBL4166333	40.740740299224853515625
Cinromide	CHEMBL93233	CHEMBL4163395	40.740740299224853515625
Cinromide	CHEMBL93233	CHEMBL1873066	40.740740299224853515625
Cinromide	CHEMBL93233	CHEMBL1560665	40.740740299224853515625
Cinromide	CHEMBL93233	CHEMBL1891439	40.677964687347412109375
Cinromide	CHEMBL93233	CHEMBL3975807	40.677964687347412109375
Cinromide	CHEMBL93233	CHEMBL196826	40.625
Cinromide	CHEMBL93233	CHEMBL458113	40.476191043853759765625
Cinromide	CHEMBL93233	CHEMBL309224	40.476191043853759765625
Cinromide	CHEMBL93233	CHEMBL4546129	40.476191043853759765625
Cinromide	CHEMBL93233	CHEMBL3741535	40.4255330562591552734375
Cinromide	CHEMBL93233	CHEMBL1187027	40.4255330562591552734375
Cinromide	CHEMBL93233	CHEMBL2285930	40.4255330562591552734375
Cinromide	CHEMBL93233	CHEMBL4752853	40.4255330562591552734375
Cinromide	CHEMBL93233	CHEMBL1408790	40.4255330562591552734375
Cinromide	CHEMBL93233	CHEMBL483414	40.4255330562591552734375
Cinromide	CHEMBL93233	CHEMBL487420	40.4255330562591552734375
Cinromide	CHEMBL93233	CHEMBL474118	40.4255330562591552734375
Cinromide	CHEMBL93233	CHEMBL473918	40.4255330562591552734375
Cinromide	CHEMBL93233	CHEMBL473718	40.4255330562591552734375
Cinromide	CHEMBL93233	CHEMBL516221	40.4255330562591552734375
Cinromide	CHEMBL93233	CHEMBL474520	40.4255330562591552734375
Cinromide	CHEMBL93233	CHEMBL116684	40.4255330562591552734375
Cinromide	CHEMBL93233	CHEMBL69186	40.4255330562591552734375
Cinromide	CHEMBL93233	CHEMBL2285901	40.4255330562591552734375
Cinromide	CHEMBL93233	CHEMBL1600014	40.4255330562591552734375
Cinromide	CHEMBL93233	CHEMBL1813950	40.4255330562591552734375
Cinromide	CHEMBL93233	CHEMBL5194512	40.4255330562591552734375
Cinromide	CHEMBL93233	CHEMBL2285929	40.4255330562591552734375
Cinromide	CHEMBL93233	CHEMBL2285926	40.4255330562591552734375
Cinromide	CHEMBL93233	CHEMBL2251555	40.4255330562591552734375
Cinromide	CHEMBL93233	CHEMBL1497255	40.4255330562591552734375
Cinromide	CHEMBL93233	CHEMBL1934023	40.4255330562591552734375
Cinromide	CHEMBL93233	CHEMBL1933979	40.4255330562591552734375
Cinromide	CHEMBL93233	CHEMBL1830130	40.4255330562591552734375
Cinromide	CHEMBL93233	CHEMBL1980960	40.4255330562591552734375
Cinromide	CHEMBL93233	CHEMBL2030821	40.384614467620849609375
Cinromide	CHEMBL93233	CHEMBL3194442	40.384614467620849609375
Cinromide	CHEMBL93233	CHEMBL3787048	40.384614467620849609375
Cinromide	CHEMBL93233	CHEMBL4089973	40.384614467620849609375
Cinromide	CHEMBL93233	CHEMBL4239103	40.384614467620849609375
Cinromide	CHEMBL93233	CHEMBL4239907	40.384614467620849609375
Cinromide	CHEMBL93233	CHEMBL1588660	40.384614467620849609375
Cinromide	CHEMBL93233	CHEMBL4458153	40.384614467620849609375
Cinromide	CHEMBL93233	CHEMBL4567092	40.384614467620849609375
Cinromide	CHEMBL93233	CHEMBL5813560	40.384614467620849609375
Cinromide	CHEMBL93233	CHEMBL5891215	40.384614467620849609375
Cinromide	CHEMBL93233	CHEMBL1950217	40.384614467620849609375
Cinromide	CHEMBL93233	CHEMBL611643	40.384614467620849609375
Cinromide	CHEMBL93233	CHEMBL383285	40.384614467620849609375
Cinromide	CHEMBL93233	CHEMBL4290712	40.384614467620849609375
Cinromide	CHEMBL93233	CHEMBL1381326	40.350878238677978515625
Cinromide	CHEMBL93233	CHEMBL1864710	40.350878238677978515625
Cinromide	CHEMBL93233	CHEMBL5864417	40.350878238677978515625
Cinromide	CHEMBL93233	CHEMBL4755982	40.350878238677978515625
Cinromide	CHEMBL93233	CHEMBL4782581	40.350878238677978515625
Cinromide	CHEMBL93233	CHEMBL4802969	40.350878238677978515625
Cinromide	CHEMBL93233	CHEMBL606465	40.32258093357086181640625
Cinromide	CHEMBL93233	CHEMBL1562806	40.32258093357086181640625
Cinromide	CHEMBL93233	CHEMBL1526361	40.00000059604644775390625
Cinromide	CHEMBL93233	CHEMBL1974680	40.00000059604644775390625
Cinromide	CHEMBL93233	CHEMBL1606621	40.00000059604644775390625
Cinromide	CHEMBL93233	CHEMBL67498	40.00000059604644775390625
Cinromide	CHEMBL93233	CHEMBL1760355	40.00000059604644775390625
Cinromide	CHEMBL93233	CHEMBL3423294	40.00000059604644775390625
Cinromide	CHEMBL93233	CHEMBL1892972	40.00000059604644775390625
Cinromide	CHEMBL93233	CHEMBL4751258	40.00000059604644775390625
Cinromide	CHEMBL93233	CHEMBL4544938	40.00000059604644775390625
Cinromide	CHEMBL93233	CHEMBL128615	40.00000059604644775390625
Cinromide	CHEMBL93233	CHEMBL4544904	40.00000059604644775390625
Cinromide	CHEMBL93233	CHEMBL377870	40.00000059604644775390625
Cinromide	CHEMBL93233	CHEMBL4459151	40.00000059604644775390625
Cinromide	CHEMBL93233	CHEMBL1321926	40.00000059604644775390625
Cinromide	CHEMBL93233	CHEMBL4175586	40.00000059604644775390625
Cinromide	CHEMBL93233	CHEMBL4169586	40.00000059604644775390625
Cinromide	CHEMBL93233	CHEMBL4096036	40.00000059604644775390625
Cinromide	CHEMBL93233	CHEMBL2334139	40.00000059604644775390625
Cinromide	CHEMBL93233	CHEMBL549922	40.00000059604644775390625
Cinromide	CHEMBL93233	CHEMBL1096389	40.00000059604644775390625
Cinromide	CHEMBL93233	CHEMBL5629997	40.00000059604644775390625
Cinromide	CHEMBL93233	CHEMBL1524173	40.00000059604644775390625
Cinromide	CHEMBL93233	CHEMBL1720420	40.00000059604644775390625
Cinromide	CHEMBL93233	CHEMBL3286790	40.00000059604644775390625
Cinromide	CHEMBL93233	CHEMBL6045867	40.00000059604644775390625
Cinromide	CHEMBL93233	CHEMBL5932995	40.00000059604644775390625
Cinromide	CHEMBL93233	CHEMBL5931554	40.00000059604644775390625
Cinromide	CHEMBL93233	CHEMBL5873395	40.00000059604644775390625
Cinromide	CHEMBL93233	CHEMBL4439428	40.00000059604644775390625
Cinromide	CHEMBL93233	CHEMBL4992198	40.00000059604644775390625
Cinromide	CHEMBL93233	CHEMBL3261824	40.00000059604644775390625
Cinromide	CHEMBL93233	CHEMBL1088758	40.00000059604644775390625
Cinromide	CHEMBL93233	CHEMBL2336782	40.00000059604644775390625
Cinromide	CHEMBL93233	CHEMBL1699575	40.00000059604644775390625
Cinromide	CHEMBL93233	CHEMBL2283257	40.00000059604644775390625
Cinromide	CHEMBL93233	CHEMBL2235157	40.00000059604644775390625
Cinromide	CHEMBL93233	CHEMBL3781858	40.00000059604644775390625
Cinromide	CHEMBL93233	CHEMBL2442090	40.00000059604644775390625
Cinromide	CHEMBL93233	CHEMBL1097276	40.00000059604644775390625
Cinromide	CHEMBL93233	CHEMBL5809404	40.00000059604644775390625
Cinromide	CHEMBL93233	CHEMBL4921574	40.00000059604644775390625
Cinromide	CHEMBL93233	CHEMBL402495	40.00000059604644775390625
Cinromide	CHEMBL93233	CHEMBL1940893	40.00000059604644775390625
Cinromide	CHEMBL93233	CHEMBL5287099	40.00000059604644775390625
Cinromide	CHEMBL93233	CHEMBL2285931	40.00000059604644775390625
Cinromide	CHEMBL93233	CHEMBL2436427	40.00000059604644775390625
Cinromide	CHEMBL93233	CHEMBL4169462	40.00000059604644775390625
Cinromide	CHEMBL93233	CHEMBL5271427	40.00000059604644775390625
Cinromide	CHEMBL93233	CHEMBL488274	40.00000059604644775390625
Nimesulide	CHEMBL56367	CHEMBL3628727	79.069769382476806640625
Nimesulide	CHEMBL56367	CHEMBL3628630	77.777779102325439453125
Nimesulide	CHEMBL56367	CHEMBL3818849	77.27272510528564453125
Nimesulide	CHEMBL56367	CHEMBL3819010	76.0869562625885009765625
Nimesulide	CHEMBL56367	CHEMBL5092865	75
Nimesulide	CHEMBL56367	CHEMBL3628629	73.33333492279052734375
Nimesulide	CHEMBL56367	CHEMBL3818762	71.7391312122344970703125
Nimesulide	CHEMBL56367	CHEMBL562904	70.5882370471954345703125
Nimesulide	CHEMBL56367	CHEMBL381883	69.04761791229248046875
Nimesulide	CHEMBL56367	CHEMBL223108	68.0851042270660400390625
Nimesulide	CHEMBL56367	CHEMBL374651	65.3061211109161376953125
Nimesulide	CHEMBL56367	CHEMBL274387	64.444446563720703125
Nimesulide	CHEMBL56367	CHEMBL426541	62.7451002597808837890625
Nimesulide	CHEMBL56367	CHEMBL204184	61.7021262645721435546875
Nimesulide	CHEMBL56367	CHEMBL223161	61.5384638309478759765625
Nimesulide	CHEMBL56367	CHEMBL1550604	60.975611209869384765625
Nimesulide	CHEMBL56367	CHEMBL148527	60.4166686534881591796875
Nimesulide	CHEMBL56367	CHEMBL202474	60.4166686534881591796875
Nimesulide	CHEMBL56367	CHEMBL223109	60.4166686534881591796875
Nimesulide	CHEMBL56367	CHEMBL223162	60.3773593902587890625
Nimesulide	CHEMBL56367	CHEMBL437497	59.1836750507354736328125
Nimesulide	CHEMBL56367	CHEMBL4100352	58.0645143985748291015625
Nimesulide	CHEMBL56367	CHEMBL7162	57.9999983310699462890625
Nimesulide	CHEMBL56367	CHEMBL202471	57.9999983310699462890625
Nimesulide	CHEMBL56367	CHEMBL202469	57.9999983310699462890625
Nimesulide	CHEMBL56367	CHEMBL223369	57.6923072338104248046875
Nimesulide	CHEMBL56367	CHEMBL220885	57.4074089527130126953125
Nimesulide	CHEMBL56367	CHEMBL387386	56.862747669219970703125
Nimesulide	CHEMBL56367	CHEMBL373427	55.76922893524169921875
Nimesulide	CHEMBL56367	CHEMBL220774	55.76922893524169921875
Nimesulide	CHEMBL56367	CHEMBL220829	55.76922893524169921875
Nimesulide	CHEMBL56367	CHEMBL279820	55.3571403026580810546875
Nimesulide	CHEMBL56367	CHEMBL204501	54.716980457305908203125
Nimesulide	CHEMBL56367	CHEMBL5074996	54.1666686534881591796875
Nimesulide	CHEMBL56367	CHEMBL551015	53.846156597137451171875
Nimesulide	CHEMBL56367	CHEMBL223421	53.703701496124267578125
Nimesulide	CHEMBL56367	CHEMBL220886	53.703701496124267578125
Nimesulide	CHEMBL56367	CHEMBL148542	53.1914889812469482421875
Nimesulide	CHEMBL56367	CHEMBL3093435	51.4285743236541748046875
Nimesulide	CHEMBL56367	CHEMBL2141343	51.0638296604156494140625
Nimesulide	CHEMBL56367	CHEMBL405881	50.94339847564697265625
Nimesulide	CHEMBL56367	CHEMBL532334	50.94339847564697265625
Nimesulide	CHEMBL56367	CHEMBL1433381	50.9090900421142578125
Nimesulide	CHEMBL56367	CHEMBL551016	50.9090900421142578125
Nimesulide	CHEMBL56367	CHEMBL3249727	50.819671154022216796875
Nimesulide	CHEMBL56367	CHEMBL3249728	50.819671154022216796875
Nimesulide	CHEMBL56367	CHEMBL4854677	50
Nimesulide	CHEMBL56367	CHEMBL272464	50
Nimesulide	CHEMBL56367	CHEMBL550331	50
Nimesulide	CHEMBL56367	CHEMBL137345	50
Nimesulide	CHEMBL56367	CHEMBL4856660	50
Nimesulide	CHEMBL56367	CHEMBL1823234	50
Nimesulide	CHEMBL56367	CHEMBL1914502	50
Nimesulide	CHEMBL56367	CHEMBL1914503	50
Nimesulide	CHEMBL56367	CHEMBL4853401	50
Nimesulide	CHEMBL56367	CHEMBL1823682	49.15254116058349609375
Nimesulide	CHEMBL56367	CHEMBL4083463	49.12280738353729248046875
Nimesulide	CHEMBL56367	CHEMBL561482	49.12280738353729248046875
Nimesulide	CHEMBL56367	CHEMBL4850977	49.0909099578857421875
Nimesulide	CHEMBL56367	CHEMBL5724568	49.05660450458526611328125
Nimesulide	CHEMBL56367	CHEMBL1346570	49.01960790157318115234375
Nimesulide	CHEMBL56367	CHEMBL1720105	48.97959232330322265625
Nimesulide	CHEMBL56367	CHEMBL2270114	48.7804889678955078125
Nimesulide	CHEMBL56367	CHEMBL4858797	48.27586114406585693359375
Nimesulide	CHEMBL56367	CHEMBL551214	48.27586114406585693359375
Nimesulide	CHEMBL56367	CHEMBL3936121	48.0769217014312744140625
Nimesulide	CHEMBL56367	CHEMBL559053	47.45762646198272705078125
Nimesulide	CHEMBL56367	CHEMBL4879291	47.36842215061187744140625
Nimesulide	CHEMBL56367	CHEMBL1450215	46.93877696990966796875
Nimesulide	CHEMBL56367	CHEMBL551616	46.66666686534881591796875
Nimesulide	CHEMBL56367	CHEMBL1545723	46.42857015132904052734375
Nimesulide	CHEMBL56367	CHEMBL2030787	46.29629552364349365234375
Nimesulide	CHEMBL56367	CHEMBL1582261	46.29629552364349365234375
Nimesulide	CHEMBL56367	CHEMBL1341773	46.29629552364349365234375
Nimesulide	CHEMBL56367	CHEMBL1821747	46.15384638309478759765625
Nimesulide	CHEMBL56367	CHEMBL3251514	46.03174626827239990234375
Nimesulide	CHEMBL56367	CHEMBL319864	46.03174626827239990234375
Nimesulide	CHEMBL56367	CHEMBL416074	46.03174626827239990234375
Nimesulide	CHEMBL56367	CHEMBL5086729	46.00000083446502685546875
Nimesulide	CHEMBL56367	CHEMBL1627152	46.00000083446502685546875
Nimesulide	CHEMBL56367	CHEMBL4551508	46.00000083446502685546875
Nimesulide	CHEMBL56367	CHEMBL1699207	46.00000083446502685546875
Nimesulide	CHEMBL56367	CHEMBL4871715	45.9016382694244384765625
Nimesulide	CHEMBL56367	CHEMBL4099899	45.9016382694244384765625
Nimesulide	CHEMBL56367	CHEMBL4872042	45.7627117633819580078125
Nimesulide	CHEMBL56367	CHEMBL4101523	45.6140339374542236328125
Nimesulide	CHEMBL56367	CHEMBL3983391	45.45454680919647216796875
Nimesulide	CHEMBL56367	CHEMBL5077170	45.283019542694091796875
Nimesulide	CHEMBL56367	CHEMBL5094118	45.283019542694091796875
Nimesulide	CHEMBL56367	CHEMBL137048	45.283019542694091796875
Nimesulide	CHEMBL56367	CHEMBL611220	45.283019542694091796875
Nimesulide	CHEMBL56367	CHEMBL4061655	45.1612889766693115234375
Nimesulide	CHEMBL56367	CHEMBL1914506	45.070421695709228515625
Nimesulide	CHEMBL56367	CHEMBL149871	44.89795863628387451171875
Nimesulide	CHEMBL56367	CHEMBL1408314	44.8275864124298095703125
Nimesulide	CHEMBL56367	CHEMBL2288794	44.8275864124298095703125
Nimesulide	CHEMBL56367	CHEMBL3219317	44.64285671710968017578125
Nimesulide	CHEMBL56367	CHEMBL5085836	44.44444477558135986328125
Nimesulide	CHEMBL56367	CHEMBL559123	44.44444477558135986328125
Nimesulide	CHEMBL56367	CHEMBL4762376	44.44444477558135986328125
Nimesulide	CHEMBL56367	CHEMBL139208	44.44444477558135986328125
Nimesulide	CHEMBL56367	CHEMBL1413007	44.23076808452606201171875
Nimesulide	CHEMBL56367	CHEMBL5090681	44.23076808452606201171875
Nimesulide	CHEMBL56367	CHEMBL5086307	44.23076808452606201171875
Nimesulide	CHEMBL56367	CHEMBL2107455	44.06779706478118896484375
Nimesulide	CHEMBL56367	CHEMBL4856210	44.06779706478118896484375
Nimesulide	CHEMBL56367	CHEMBL3278840	44.06779706478118896484375
Nimesulide	CHEMBL56367	CHEMBL3730958	43.9999997615814208984375
Nimesulide	CHEMBL56367	CHEMBL1823713	43.9393937587738037109375
Nimesulide	CHEMBL56367	CHEMBL1083653	43.85964870452880859375
Nimesulide	CHEMBL56367	CHEMBL4228852	43.85964870452880859375
Nimesulide	CHEMBL56367	CHEMBL1342943	43.6363637447357177734375
Nimesulide	CHEMBL56367	CHEMBL2285823	43.6363637447357177734375
Nimesulide	CHEMBL56367	CHEMBL404981	43.6363637447357177734375
Nimesulide	CHEMBL56367	CHEMBL106197	43.5483872890472412109375
Nimesulide	CHEMBL56367	CHEMBL2270121	43.47825944423675537109375
Nimesulide	CHEMBL56367	CHEMBL2272401	43.39622557163238525390625
Nimesulide	CHEMBL56367	CHEMBL1723106	43.39622557163238525390625
Nimesulide	CHEMBL56367	CHEMBL5094764	43.39622557163238525390625
Nimesulide	CHEMBL56367	CHEMBL1528940	43.39622557163238525390625
Nimesulide	CHEMBL56367	CHEMBL2270123	43.1818187236785888671875
Nimesulide	CHEMBL56367	CHEMBL5491857	43.13725531101226806640625
Nimesulide	CHEMBL56367	CHEMBL500423	43.13725531101226806640625
Nimesulide	CHEMBL56367	CHEMBL2285824	43.13725531101226806640625
Nimesulide	CHEMBL56367	CHEMBL3422844	43.10344755649566650390625
Nimesulide	CHEMBL56367	CHEMBL92515	43.10344755649566650390625
Nimesulide	CHEMBL56367	CHEMBL269399	43.10344755649566650390625
Nimesulide	CHEMBL56367	CHEMBL4079053	43.07692348957061767578125
Nimesulide	CHEMBL56367	CHEMBL181539	42.85714328289031982421875
Nimesulide	CHEMBL56367	CHEMBL442353	42.85714328289031982421875
Nimesulide	CHEMBL56367	CHEMBL2285848	42.85714328289031982421875
Nimesulide	CHEMBL56367	CHEMBL222250	42.85714328289031982421875
Nimesulide	CHEMBL56367	CHEMBL107100	42.62295067310333251953125
Nimesulide	CHEMBL56367	CHEMBL5092919	42.59259402751922607421875
Nimesulide	CHEMBL56367	CHEMBL4550177	42.59259402751922607421875
Nimesulide	CHEMBL56367	CHEMBL2289638	42.59259402751922607421875
Nimesulide	CHEMBL56367	CHEMBL5496919	42.5531923770904541015625
Nimesulide	CHEMBL56367	CHEMBL2270115	42.5531923770904541015625
Nimesulide	CHEMBL56367	CHEMBL3093436	42.4242436885833740234375
Nimesulide	CHEMBL56367	CHEMBL4064913	42.4242436885833740234375
Nimesulide	CHEMBL56367	CHEMBL4073035	42.4242436885833740234375
Nimesulide	CHEMBL56367	CHEMBL4103310	42.4242436885833740234375
Nimesulide	CHEMBL56367	CHEMBL4845999	42.372882366180419921875
Nimesulide	CHEMBL56367	CHEMBL160482	42.1875
Nimesulide	CHEMBL56367	CHEMBL1392222	41.99999868869781494140625
Nimesulide	CHEMBL56367	CHEMBL4859260	41.93548262119293212890625
Nimesulide	CHEMBL56367	CHEMBL2260936	41.93548262119293212890625
Nimesulide	CHEMBL56367	CHEMBL224192	41.81818068027496337890625
Nimesulide	CHEMBL56367	CHEMBL483723	41.81818068027496337890625
Nimesulide	CHEMBL56367	CHEMBL499053	41.81818068027496337890625
Nimesulide	CHEMBL56367	CHEMBL5080716	41.81818068027496337890625
Nimesulide	CHEMBL56367	CHEMBL5092903	41.81818068027496337890625
Nimesulide	CHEMBL56367	CHEMBL213734	41.81818068027496337890625
Nimesulide	CHEMBL56367	CHEMBL5599501	41.791045665740966796875
Nimesulide	CHEMBL56367	CHEMBL2260937	41.66666567325592041015625
Nimesulide	CHEMBL56367	CHEMBL2270118	41.66666567325592041015625
Nimesulide	CHEMBL56367	CHEMBL5487974	41.66666567325592041015625
Nimesulide	CHEMBL56367	CHEMBL4443557	41.66666567325592041015625
Nimesulide	CHEMBL56367	CHEMBL1617511	41.50943458080291748046875
Nimesulide	CHEMBL56367	CHEMBL1613173	41.50943458080291748046875
Nimesulide	CHEMBL56367	CHEMBL1477633	41.50943458080291748046875
Nimesulide	CHEMBL56367	CHEMBL1312376	41.50943458080291748046875
Nimesulide	CHEMBL56367	CHEMBL5075355	41.37931168079376220703125
Nimesulide	CHEMBL56367	CHEMBL5079561	41.37931168079376220703125
Nimesulide	CHEMBL56367	CHEMBL2236325	41.37931168079376220703125
Nimesulide	CHEMBL56367	CHEMBL1583719	41.37931168079376220703125
Nimesulide	CHEMBL56367	CHEMBL328703	41.37931168079376220703125
Nimesulide	CHEMBL56367	CHEMBL436515	41.37931168079376220703125
Nimesulide	CHEMBL56367	CHEMBL3278843	41.37931168079376220703125
Nimesulide	CHEMBL56367	CHEMBL1945326	41.17647111415863037109375
Nimesulide	CHEMBL56367	CHEMBL1483550	41.17647111415863037109375
Nimesulide	CHEMBL56367	CHEMBL372835	41.17647111415863037109375
Nimesulide	CHEMBL56367	CHEMBL170180	41.17647111415863037109375
Nimesulide	CHEMBL56367	CHEMBL3093437	41.17647111415863037109375
Nimesulide	CHEMBL56367	CHEMBL171299	41.17647111415863037109375
Nimesulide	CHEMBL56367	CHEMBL2285852	41.17647111415863037109375
Nimesulide	CHEMBL56367	CHEMBL34563	41.07142984867095947265625
Nimesulide	CHEMBL56367	CHEMBL506373	41.07142984867095947265625
Nimesulide	CHEMBL56367	CHEMBL607526	41.07142984867095947265625
Nimesulide	CHEMBL56367	CHEMBL593937	41.07142984867095947265625
Nimesulide	CHEMBL56367	CHEMBL596463	41.07142984867095947265625
Nimesulide	CHEMBL56367	CHEMBL5077474	41.07142984867095947265625
Nimesulide	CHEMBL56367	CHEMBL170571	40.90909063816070556640625
Nimesulide	CHEMBL56367	CHEMBL3277360	40.90909063816070556640625
Nimesulide	CHEMBL56367	CHEMBL3249726	40.90909063816070556640625
Nimesulide	CHEMBL56367	CHEMBL5426295	40.84506928920745849609375
Nimesulide	CHEMBL56367	CHEMBL1492242	40.81632792949676513671875
Nimesulide	CHEMBL56367	CHEMBL493430	40.81632792949676513671875
Nimesulide	CHEMBL56367	CHEMBL4570975	40.81632792949676513671875
Nimesulide	CHEMBL56367	CHEMBL502527	40.740740299224853515625
Nimesulide	CHEMBL56367	CHEMBL484875	40.740740299224853515625
Nimesulide	CHEMBL56367	CHEMBL1516431	40.740740299224853515625
Nimesulide	CHEMBL56367	CHEMBL2272406	40.740740299224853515625
Nimesulide	CHEMBL56367	CHEMBL4442945	40.740740299224853515625
Nimesulide	CHEMBL56367	CHEMBL216023	40.740740299224853515625
Nimesulide	CHEMBL56367	CHEMBL3276560	40.677964687347412109375
Nimesulide	CHEMBL56367	CHEMBL1213039	40.625
Nimesulide	CHEMBL56367	CHEMBL5407384	40.57970941066741943359375
Nimesulide	CHEMBL56367	CHEMBL362436	40.4255330562591552734375
Nimesulide	CHEMBL56367	CHEMBL224624	40.384614467620849609375
Nimesulide	CHEMBL56367	CHEMBL447163	40.384614467620849609375
Nimesulide	CHEMBL56367	CHEMBL4788492	40.384614467620849609375
Nimesulide	CHEMBL56367	CHEMBL1710757	40.384614467620849609375
Nimesulide	CHEMBL56367	CHEMBL3407801	40.384614467620849609375
Nimesulide	CHEMBL56367	CHEMBL4745819	40.384614467620849609375
Nimesulide	CHEMBL56367	CHEMBL4558597	40.350878238677978515625
Nimesulide	CHEMBL56367	CHEMBL3590238	40.350878238677978515625
Nimesulide	CHEMBL56367	CHEMBL1501114	40.350878238677978515625
Nimesulide	CHEMBL56367	CHEMBL407953	40.350878238677978515625
Nimesulide	CHEMBL56367	CHEMBL334475	40.350878238677978515625
Nimesulide	CHEMBL56367	CHEMBL444002	40.350878238677978515625
Nimesulide	CHEMBL56367	CHEMBL4281417	40.32258093357086181640625
Nimesulide	CHEMBL56367	CHEMBL2260945	40.32258093357086181640625
Nimesulide	CHEMBL56367	CHEMBL5608071	40.277779102325439453125
Nimesulide	CHEMBL56367	CHEMBL5606945	40.277779102325439453125
Nimesulide	CHEMBL56367	CHEMBL4575751	40.00000059604644775390625
Nimesulide	CHEMBL56367	CHEMBL4875520	40.00000059604644775390625
Nimesulide	CHEMBL56367	CHEMBL5175848	40.00000059604644775390625
Nimesulide	CHEMBL56367	CHEMBL4784495	40.00000059604644775390625
Nimesulide	CHEMBL56367	CHEMBL5078017	40.00000059604644775390625
Nimesulide	CHEMBL56367	CHEMBL5075427	40.00000059604644775390625
Nimesulide	CHEMBL56367	CHEMBL359521	40.00000059604644775390625
Nimesulide	CHEMBL56367	CHEMBL2260946	40.00000059604644775390625
Nimesulide	CHEMBL56367	CHEMBL1518970	40.00000059604644775390625
Nimesulide	CHEMBL56367	CHEMBL2289639	40.00000059604644775390625
Nimesulide	CHEMBL56367	CHEMBL4245703	40.00000059604644775390625
Nimesulide	CHEMBL56367	CHEMBL1299768	40.00000059604644775390625
Nimesulide	CHEMBL56367	CHEMBL609707	40.00000059604644775390625
Nimesulide	CHEMBL56367	CHEMBL435519	40.00000059604644775390625
Nimesulide	CHEMBL56367	CHEMBL425482	40.00000059604644775390625
Nimesulide	CHEMBL56367	CHEMBL482836	40.00000059604644775390625
Nimesulide	CHEMBL56367	CHEMBL373377	40.00000059604644775390625
Nimesulide	CHEMBL56367	CHEMBL107318	40.00000059604644775390625
Nimesulide	CHEMBL56367	CHEMBL1586916	40.00000059604644775390625
Nimesulide	CHEMBL56367	CHEMBL1899510	40.00000059604644775390625
Nimesulide	CHEMBL56367	CHEMBL1996532	40.00000059604644775390625
Nimesulide	CHEMBL56367	CHEMBL1382541	40.00000059604644775390625
Nimesulide	CHEMBL56367	CHEMBL335547	40.00000059604644775390625
Nimesulide	CHEMBL56367	CHEMBL472760	40.00000059604644775390625
Nimesulide	CHEMBL56367	CHEMBL489606	40.00000059604644775390625
Nimesulide	CHEMBL56367	CHEMBL3093439	40.00000059604644775390625
Nimesulide	CHEMBL56367	CHEMBL4092611	40.00000059604644775390625
Nimesulide	CHEMBL56367	CHEMBL4437378	40.00000059604644775390625
Nimesulide	CHEMBL56367	CHEMBL1387770	40.00000059604644775390625
Nimesulide	CHEMBL56367	CHEMBL1702980	40.00000059604644775390625
Nimesulide	CHEMBL56367	CHEMBL2272649	40.00000059604644775390625
Nimesulide	CHEMBL56367	CHEMBL1516864	40.00000059604644775390625
Nimesulide	CHEMBL56367	CHEMBL1449829	40.00000059604644775390625
Prolinol	CHEMBL1916080	CHEMBL4576803	65.2173936367034912109375
Prolinol	CHEMBL1916080	CHEMBL3188566	56.0000002384185791015625
Prolinol	CHEMBL1916080	CHEMBL1163348	53.846156597137451171875
Prolinol	CHEMBL1916080	CHEMBL1164855	53.846156597137451171875
Prolinol	CHEMBL1916080	CHEMBL4581315	51.8518507480621337890625
Prolinol	CHEMBL1916080	CHEMBL2011622	50
Prolinol	CHEMBL1916080	CHEMBL2011619	50
Prolinol	CHEMBL1916080	CHEMBL2011616	50
Prolinol	CHEMBL1916080	CHEMBL2011613	50
Prolinol	CHEMBL1916080	CHEMBL22270	47.99999892711639404296875
Prolinol	CHEMBL1916080	CHEMBL4586883	46.66666686534881591796875
Prolinol	CHEMBL1916080	CHEMBL4575171	46.42857015132904052734375
Prolinol	CHEMBL1916080	CHEMBL4545509	46.42857015132904052734375
Prolinol	CHEMBL1916080	CHEMBL2377173	44.8275864124298095703125
Prolinol	CHEMBL1916080	CHEMBL2448876	44.8275864124298095703125
Prolinol	CHEMBL1916080	CHEMBL3039396	44.8275864124298095703125
Prolinol	CHEMBL1916080	CHEMBL4578767	44.8275864124298095703125
Prolinol	CHEMBL1916080	CHEMBL21867	44.44444477558135986328125
Prolinol	CHEMBL1916080	CHEMBL2287063	44.44444477558135986328125
Prolinol	CHEMBL1916080	CHEMBL4538536	44.44444477558135986328125
Prolinol	CHEMBL1916080	CHEMBL4563597	43.75
Prolinol	CHEMBL1916080	CHEMBL4564418	41.93548262119293212890625
Prolinol	CHEMBL1916080	CHEMBL4077250	41.37931168079376220703125
Prolinol	CHEMBL1916080	CHEMBL4536390	41.37931168079376220703125
Prolinol	CHEMBL1916080	CHEMBL4592204	40.625
Prolinol	CHEMBL1916080	CHEMBL406820	40.625
Prolinol	CHEMBL1916080	CHEMBL312749	40.625
Prolinol	CHEMBL1916080	CHEMBL75880	40.00000059604644775390625
Prolinol	CHEMBL1916080	CHEMBL4515426	40.00000059604644775390625
Prolinol	CHEMBL1916080	CHEMBL4097976	40.00000059604644775390625
Prolinol	CHEMBL1916080	CHEMBL4097167	40.00000059604644775390625
Prolinol	CHEMBL1916080	CHEMBL4070792	40.00000059604644775390625
Prolinol	CHEMBL1916080	CHEMBL1334033	40.00000059604644775390625
Prolinol	CHEMBL1916080	CHEMBL1592481	40.00000059604644775390625
Prolinol	CHEMBL1916080	CHEMBL1698627	40.00000059604644775390625
