template_pocket,target_pocket,SO,SC,global_score,template_residues,target_residues
pocket11_atm.pdb,pocket7_atm.pdb,0.8,0.0,0.8,"81,84,85,88,502,506,534,538,539","54,57,58,61,473,474,477,509,513,514,517"
pocket37_atm.pdb,pocket30_atm.pdb,0.6666666666666666,0.0,0.6666666666666666,"231,234,235,309,312,313,316","31,44,47,48,284,285,287,288"
pocket42_atm.pdb,pocket49_atm.pdb,0.6666666666666666,0.0,0.6666666666666666,"191,192,193,198,471,474,475","165,166,171,446,449,450"
pocket2_atm.pdb,pocket11_atm.pdb,0.5,0.0,0.5,"131,134,135,181,194,197,201,473,474,475","103,106,177,178,181,407"
pocket5_atm.pdb,pocket10_atm.pdb,0.5,0.0,0.5,"44,48,219,223,227,289,430,433,434","20,23,199,200,204,401,402,405"
pocket16_atm.pdb,pocket32_atm.pdb,0.4,0.0,0.4,"31,33,212,213,214,215,216,292,436,437,440,441,444,455,458,459","6,7,8,9,13,189,190,193,194,197"
pocket19_atm.pdb,pocket8_atm.pdb,0.4,0.0,0.4,"77,80,81,82,85,268,269,272,273,275,276,279,281,495,541,542,544,545","50,54,55,58,248,249,252,254"
pocket38_atm.pdb,pocket1_atm.pdb,0.4,0.0,0.4,"54,55,56,59,234,237,317,320,321,398,399,403,420,423,424,427","23,27,28,29,32,33,102,105,106,108,109,203,204,207,210,213,214,217,286,290,293,294,297,300,368,371,373,374,375,378,381,382,385,395,398,399,402,403,457"
pocket44_atm.pdb,pocket9_atm.pdb,0.4,0.0,0.4,"499,503,506,507,535,536,539,540","60,61,64,480,481,486,489,490,492,493,506,509,510"
pocket9_atm.pdb,pocket1_atm.pdb,0.36363636363636365,0.0,0.36363636363636365,"55,56,59,60,132,135,136,396,398,399,400,424","23,27,28,29,32,33,102,105,106,108,109,203,204,207,210,213,214,217,286,290,293,294,297,300,368,371,373,374,375,378,381,382,385,395,398,399,402,403,457"
pocket1_atm.pdb,pocket42_atm.pdb,0.3333333333333333,0.0,0.3333333333333333,"21,87,88,91,92,94,95,295,298,299,300,506,511,514,515,517,518,520,521,522,523,524,526,530,531,534,535","7,8,9,11,14,265,266,267,269,270,275"
pocket4_atm.pdb,pocket14_atm.pdb,0.3333333333333333,0.0,0.3333333333333333,"100,101,104,115,118,119,283,284,287,438,442","14,15,18,63,67,259,262,263,266,270,271,272,275,279"
pocket28_atm.pdb,pocket5_atm.pdb,0.6666666666666666,0.5,0.3333333333333333,"499,500,503,543","62,65,69,76,77,80,81,84,87,260,475,476,479,480,484,489"
pocket40_atm.pdb,pocket38_atm.pdb,0.3333333333333333,0.0,0.3333333333333333,"18,21,22,25,95,295,516,517,520","268,269,271,496,497"
pocket40_atm.pdb,pocket51_atm.pdb,0.3333333333333333,0.0,0.3333333333333333,"18,21,22,25,95,295,516,517,520","490,493,494,498,499,500,501,503,506"
pocket52_atm.pdb,pocket42_atm.pdb,0.3333333333333333,0.0,0.3333333333333333,"24,25,26,27,28,29,32,34,97,98,292,293,294,295,296,445","7,8,9,11,14,265,266,267,269,270,275"
pocket1_atm.pdb,pocket38_atm.pdb,0.2857142857142857,0.0,0.2857142857142857,"21,87,88,91,92,94,95,295,298,299,300,506,511,514,515,517,518,520,521,522,523,524,526,530,531,534,535","268,269,271,496,497"
pocket19_atm.pdb,pocket7_atm.pdb,0.2857142857142857,0.0,0.2857142857142857,"77,80,81,82,85,268,269,272,273,275,276,279,281,495,541,542,544,545","54,57,58,61,473,474,477,509,513,514,517"
pocket10_atm.pdb,pocket3_atm.pdb,0.3333333333333333,0.25,0.25,"122,123,126,127,205,432,435,436,439,466","95,96,99,178,181,182,185,407,410,411,414,415,434,437,438,441"
pocket44_atm.pdb,pocket5_atm.pdb,0.5,0.5,0.25,"499,503,506,507,535,536,539,540","62,65,69,76,77,80,81,84,87,260,475,476,479,480,484,489"
pocket4_atm.pdb,pocket6_atm.pdb,0.3333333333333333,0.3333333333333333,0.22222222222222224,"100,101,104,115,118,119,283,284,287,438,442","73,74,77,88,91,92,256,257,413,417"
pocket51_atm.pdb,pocket6_atm.pdb,0.3333333333333333,0.3333333333333333,0.22222222222222224,"98,101,102,105,106,112,115,116,119,442,443,445,446,447","73,74,77,88,91,92,256,257,413,417"
pocket6_atm.pdb,pocket36_atm.pdb,0.36363636363636365,0.4,0.21818181818181817,"92,103,104,107,111,113,114,117,496,497,500,501,503,504,505,509,593,594,597,598","84,86,87,90,468,471,472,474,475,566,567,570"
pocket2_atm.pdb,pocket1_atm.pdb,0.2,0.0,0.2,"131,134,135,181,194,197,201,473,474,475","23,27,28,29,32,33,102,105,106,108,109,203,204,207,210,213,214,217,286,290,293,294,297,300,368,371,373,374,375,378,381,382,385,395,398,399,402,403,457"
pocket18_atm.pdb,pocket31_atm.pdb,0.2222222222222222,0.16666666666666666,0.18518518518518517,"443,444,447,449,450,453,455,458","4,6,8,17,20,21,185,187,188,189,192,196,199,261,262,265,405,408,409,411,412,415,416,419,430,433,434"
pocket51_atm.pdb,pocket31_atm.pdb,0.2222222222222222,0.16666666666666666,0.18518518518518517,"98,101,102,105,106,112,115,116,119,442,443,445,446,447","4,6,8,17,20,21,185,187,188,189,192,196,199,261,262,265,405,408,409,411,412,415,416,419,430,433,434"
pocket6_atm.pdb,pocket6_atm.pdb,0.2222222222222222,0.3333333333333333,0.14814814814814817,"92,103,104,107,111,113,114,117,496,497,500,501,503,504,505,509,593,594,597,598","73,74,77,88,91,92,256,257,413,417"
pocket1_atm.pdb,pocket1_atm.pdb,0.0,0.0,0.0,"21,87,88,91,92,94,95,295,298,299,300,506,511,514,515,517,518,520,521,522,523,524,526,530,531,534,535","23,27,28,29,32,33,102,105,106,108,109,203,204,207,210,213,214,217,286,290,293,294,297,300,368,371,373,374,375,378,381,382,385,395,398,399,402,403,457"
pocket1_atm.pdb,pocket2_atm.pdb,0.0,0.3333333333333333,0.0,"21,87,88,91,92,94,95,295,298,299,300,506,511,514,515,517,518,520,521,522,523,524,526,530,531,534,535","104,107,108,111,112,149,153,154,167,170,173,174,448,449,450,451,454"
pocket1_atm.pdb,pocket3_atm.pdb,0.0,0.25,0.0,"21,87,88,91,92,94,95,295,298,299,300,506,511,514,515,517,518,520,521,522,523,524,526,530,531,534,535","95,96,99,178,181,182,185,407,410,411,414,415,434,437,438,441"
pocket1_atm.pdb,pocket4_atm.pdb,0.0,0.0,0.0,"21,87,88,91,92,94,95,295,298,299,300,506,511,514,515,517,518,520,521,522,523,524,526,530,531,534,535","32,36,37,294,295,298,373"
pocket1_atm.pdb,pocket5_atm.pdb,0.0,0.5,0.0,"21,87,88,91,92,94,95,295,298,299,300,506,511,514,515,517,518,520,521,522,523,524,526,530,531,534,535","62,65,69,76,77,80,81,84,87,260,475,476,479,480,484,489"
pocket1_atm.pdb,pocket6_atm.pdb,0.0,0.3333333333333333,0.0,"21,87,88,91,92,94,95,295,298,299,300,506,511,514,515,517,518,520,521,522,523,524,526,530,531,534,535","73,74,77,88,91,92,256,257,413,417"
pocket1_atm.pdb,pocket7_atm.pdb,0.0,0.0,0.0,"21,87,88,91,92,94,95,295,298,299,300,506,511,514,515,517,518,520,521,522,523,524,526,530,531,534,535","54,57,58,61,473,474,477,509,513,514,517"
pocket1_atm.pdb,pocket8_atm.pdb,0.0,0.0,0.0,"21,87,88,91,92,94,95,295,298,299,300,506,511,514,515,517,518,520,521,522,523,524,526,530,531,534,535","50,54,55,58,248,249,252,254"
pocket1_atm.pdb,pocket9_atm.pdb,0.0,0.0,0.0,"21,87,88,91,92,94,95,295,298,299,300,506,511,514,515,517,518,520,521,522,523,524,526,530,531,534,535","60,61,64,480,481,486,489,490,492,493,506,509,510"
pocket1_atm.pdb,pocket10_atm.pdb,0.0,0.0,0.0,"21,87,88,91,92,94,95,295,298,299,300,506,511,514,515,517,518,520,521,522,523,524,526,530,531,534,535","20,23,199,200,204,401,402,405"
pocket1_atm.pdb,pocket11_atm.pdb,0.0,0.0,0.0,"21,87,88,91,92,94,95,295,298,299,300,506,511,514,515,517,518,520,521,522,523,524,526,530,531,534,535","103,106,177,178,181,407"
pocket1_atm.pdb,pocket12_atm.pdb,0.0,0.0,0.0,"21,87,88,91,92,94,95,295,298,299,300,506,511,514,515,517,518,520,521,522,523,524,526,530,531,534,535","138,147,150,151,156,536"
pocket1_atm.pdb,pocket13_atm.pdb,0.0,0.0,0.0,"21,87,88,91,92,94,95,295,298,299,300,506,511,514,515,517,518,520,521,522,523,524,526,530,531,534,535","12,15,16,19,278,279,281,282,285"
pocket1_atm.pdb,pocket14_atm.pdb,0.0,0.0,0.0,"21,87,88,91,92,94,95,295,298,299,300,506,511,514,515,517,518,520,521,522,523,524,526,530,531,534,535","14,15,18,63,67,259,262,263,266,270,271,272,275,279"
pocket1_atm.pdb,pocket15_atm.pdb,0.0,0.0,0.0,"21,87,88,91,92,94,95,295,298,299,300,506,511,514,515,517,518,520,521,522,523,524,526,530,531,534,535","65,68,69,484,489"
pocket1_atm.pdb,pocket16_atm.pdb,0.0,0,0.0,"21,87,88,91,92,94,95,295,298,299,300,506,511,514,515,517,518,520,521,522,523,524,526,530,531,534,535","151,156,157,158,536,537,538,539"
pocket1_atm.pdb,pocket17_atm.pdb,0.0,0.0,0.0,"21,87,88,91,92,94,95,295,298,299,300,506,511,514,515,517,518,520,521,522,523,524,526,530,531,534,535","462,463,466,524,527,528,530"
pocket1_atm.pdb,pocket18_atm.pdb,0.0,0.0,0.0,"21,87,88,91,92,94,95,295,298,299,300,506,511,514,515,517,518,520,521,522,523,524,526,530,531,534,535","74,78,82,85,421"
pocket1_atm.pdb,pocket19_atm.pdb,0.0,0.0,0.0,"21,87,88,91,92,94,95,295,298,299,300,506,511,514,515,517,518,520,521,522,523,524,526,530,531,534,535","60,271,273,274,277,493,496,497,498,499,501,505,506"
pocket1_atm.pdb,pocket20_atm.pdb,0.0,0.0,0.0,"21,87,88,91,92,94,95,295,298,299,300,506,511,514,515,517,518,520,521,522,523,524,526,530,531,534,535","10,12,13,16,196,197,201"
pocket1_atm.pdb,pocket21_atm.pdb,0.0,0.0,0.0,"21,87,88,91,92,94,95,295,298,299,300,506,511,514,515,517,518,520,521,522,523,524,526,530,531,534,535","40,226,229,230,231,361,365"
pocket1_atm.pdb,pocket22_atm.pdb,0.0,0.0,0.0,"21,87,88,91,92,94,95,295,298,299,300,506,511,514,515,517,518,520,521,522,523,524,526,530,531,534,535","337,348,349,351,352,353,354"
pocket1_atm.pdb,pocket23_atm.pdb,0.0,0.0,0.0,"21,87,88,91,92,94,95,295,298,299,300,506,511,514,515,517,518,520,521,522,523,524,526,530,531,534,535","41,42,44,45,224,227,228,230,232,235,288,291,292"
pocket1_atm.pdb,pocket24_atm.pdb,0.0,0.0,0.0,"21,87,88,91,92,94,95,295,298,299,300,506,511,514,515,517,518,520,521,522,523,524,526,530,531,534,535","137,138,141,151,536,538,539,543"
pocket1_atm.pdb,pocket25_atm.pdb,0.0,0.0,0.0,"21,87,88,91,92,94,95,295,298,299,300,506,511,514,515,517,518,520,521,522,523,524,526,530,531,534,535","80,483,484,485,488"
